name,boys,girls,total,gender
AADAM,1444,0,1444,1
AADIL,541,0,541,1
AAHIL,441,0,441,1
AAMIR,543,0,543,1
AARAN,428,0,428,1
AARAV,1044,0,1044,1
AARIZ,365,0,365,1
AARON,31878,0,31878,1
AARRON,207,0,207,1
AARUSH,324,0,324,1
AARYA,45,310,355,0.1267605633802817
AARYAN,801,0,801,1
AAYAN,924,0,924,1
AAYUSH,234,0,234,1
ABBAS,924,0,924,1
ABDALLAH,344,0,344,1
ABDI,278,0,278,1
ABDIRAHMAN,1104,0,1104,1
ABDUL,5560,0,5560,1
ABDULAHI,267,0,267,1
ABDULAZIZ,288,0,288,1
ABDULLAH,4919,0,4919,1
ABDULLAHI,799,0,799,1
ABDULRAHMAN,832,0,832,1
ABDUR,526,0,526,1
ABDURAHMAN,304,0,304,1
ABDURRAHMAN,456,0,456,1
ABDUR-RAHMAN,353,0,353,1
ABEL,925,0,925,1
ABID,376,0,376,1
ABRAHAM,1195,0,1195,1
ABRAR,135,89,224,0.6026785714285714
ABU,884,0,884,1
ABUBAKAR,558,0,558,1
ABUBAKR,347,0,347,1
ABU-BAKR,211,0,211,1
ACE,371,3,374,0.9919786096256684
ADA,24,1295,1319,0.01819560272934041
ADAM,58009,0,58009,1
ADAN,238,43,281,0.8469750889679716
ADDISON,773,493,1266,0.6105845181674565
ADEEL,505,0,505,1
ADEL,203,56,259,0.7837837837837838
ADEM,524,0,524,1
ADEN,838,19,857,0.9778296382730455
ADIL,1795,0,1795,1
ADITYA,619,0,619,1
ADNAAN,226,0,226,1
ADNAN,1149,0,1149,1
ADRIAN,3555,3,3558,0.9991568296795953
ADYAN,401,0,401,1
AEDAN,337,0,337,1
AERON,226,9,235,0.9617021276595744
AHAD,279,0,279,1
AHMAD,2311,0,2311,1
AHMED,5620,0,5620,1
AHMET,348,0,348,1
AHSAN,410,0,410,1
AIDAN,14185,15,14200,0.9989436619718309
AIDEN,11429,7,11436,0.9993878978663868
AIMAN,152,166,318,0.4779874213836478
AINSLEY,244,50,294,0.8299319727891157
AJAY,1490,0,1490,1
AKASH,521,0,521,1
AKEEL,220,0,220,1
AKEEM,285,0,285,1
AKIRA,149,304,453,0.32891832229580575
AKRAM,392,0,392,1
AKSHAY,398,0,398,1
AL,197,19,216,0.9120370370370371
ALAA,30,281,311,0.09646302250803858
ALAN,3974,0,3974,1
ALASDAIR,692,0,692,1
ALASTAIR,1373,0,1373,1
ALBAN,208,0,208,1
ALBERT,6079,0,6079,1
ALBERTO,232,0,232,1
ALBI,203,0,203,1
ALBIE,3012,0,3012,1
ALBY,410,0,410,1
ALEC,1596,0,1596,1
ALED,853,0,853,1
ALEJANDRO,479,0,479,1
ALEKSANDAR,207,0,207,1
ALEKSANDER,1291,0,1291,1
ALESSANDRO,1066,0,1066,1
ALESSIO,414,0,414,1
ALEX,27841,2969,30810,0.9036351833820189
ALEXANDER,67362,0,67362,1
ALEXANDRE,729,0,729,1
ALEXANDROS,472,0,472,1
ALEXANDRU,528,0,528,1
ALEXI,101,349,450,0.22444444444444445
ALEXIE,3,254,257,0.011673151750972763
ALEXIS,406,4806,5212,0.07789716039907905
ALFIE,62749,16,62765,0.9997450808571656
ALFIE-JAMES,301,0,301,1
ALFIE-LEE,259,0,259,1
ALFRED,6643,0,6643,1
ALI,7481,19,7500,0.9974666666666666
ALISTAIR,2770,0,2770,1
ALISTER,260,0,260,1
ALIX,185,829,1014,0.18244575936883628
ALLAN,499,0,499,1
ALLY,79,179,258,0.3062015503875969
ALVIN,583,0,583,1
AMAAN,2556,0,2556,1
AMAANI,6,274,280,0.02142857142857143
AMAAR,255,0,255,1
AMAL,88,841,929,0.09472551130247578
AMAN,1558,258,1816,0.8579295154185022
AMANDEEP,258,249,507,0.5088757396449705
AMANI,157,1238,1395,0.11254480286738351
AMANPREET,17,223,240,0.07083333333333333
AMAR,998,37,1035,0.9642512077294686
AMARA,17,1615,1632,0.010416666666666666
AMARI,889,193,1082,0.821626617375231
AMEEN,347,0,347,1
AMEER,495,0,495,1
AMIN,686,0,686,1
AMIR,2316,0,2316,1
AMIT,204,0,204,1
AMMAAR,297,0,297,1
AMMAR,710,0,710,1
AMOS,448,0,448,1
AMRIT,357,681,1038,0.3439306358381503
ANAM,6,468,474,0.012658227848101266
ANAND,224,5,229,0.9781659388646288
ANAS,1348,0,1348,1
ANDERSON,289,0,289,1
ANDI,124,96,220,0.5636363636363636
ANDRE,1971,0,1971,1
ANDREA,145,1431,1576,0.09200507614213198
ANDREAS,975,0,975,1
ANDREI,560,0,560,1
ANDREW,18362,0,18362,1
ANDY,716,0,716,1
ANEES,267,0,267,1
ANEURIN,352,0,352,1
ANGEL,221,6997,7218,0.030617899695206428
ANGELO,839,0,839,1
ANGUS,3646,0,3646,1
ANIL,258,0,258,1
ANIS,297,12,309,0.9611650485436893
ANISH,563,0,563,1
ANMOL,105,225,330,0.3181818181818182
ANSH,261,0,261,1
ANTHONY,10954,0,10954,1
ANTOINE,351,0,351,1
ANTON,1446,0,1446,1
ANTONI,1357,0,1357,1
ANTONIO,1672,0,1672,1
ANTONY,2077,0,2077,1
ANWAR,332,3,335,0.991044776119403
AQEEL,333,0,333,1
AQIB,538,0,538,1
ARAN,805,0,805,1
ARCHER,680,0,680,1
ARCHIBALD,1091,0,1091,1
ARCHIE,35346,0,35346,1
ARDA,544,0,544,1
AREEB,299,0,299,1
ARHAM,366,0,366,1
ARI,351,4,355,0.9887323943661972
ARIA,91,1573,1664,0.0546875
ARIAN,426,39,465,0.9161290322580645
ARIEL,219,211,430,0.5093023255813953
ARIF,453,0,453,1
ARIN,244,46,290,0.8413793103448276
ARIYA,9,239,248,0.036290322580645164
ARJAN,829,0,829,1
ARJUN,2606,0,2606,1
ARLO,2202,3,2205,0.998639455782313
ARMAAN,1321,3,1324,0.9977341389728097
ARMAN,697,0,697,1
ARMANI,372,340,712,0.5224719101123596
ARNAV,476,0,476,1
ARNOLD,309,0,309,1
ARON,1678,0,1678,1
ARRAN,1817,0,1817,1
ARRON,2125,0,2125,1
ARTHUR,12490,0,12490,1
ARTUR,393,0,393,1
ARUN,1412,0,1412,1
ARVIN,335,0,335,1
ARYA,340,1090,1430,0.23776223776223776
ARYAAN,244,0,244,1
ARYAN,2642,0,2642,1
ASA,786,6,792,0.9924242424242424
ASAD,749,0,749,1
ASHA,70,1432,1502,0.04660452729693742
ASHANTI,3,482,485,0.006185567010309278
ASHER,1599,76,1675,0.9546268656716418
ASHLEA,3,364,367,0.008174386920980926
ASHLEE,166,672,838,0.19809069212410502
ASHLEIGH,205,7336,7541,0.027184723511470627
ASHLEY,11611,2444,14055,0.8261117040199217
ASHRAF,284,0,284,1
ASHTON,8303,339,8642,0.9607729692200879
ASHWIN,505,0,505,1
ASIF,277,0,277,1
ASIM,612,0,612,1
ASTON,2547,77,2624,0.9706554878048781
ATIF,321,0,321,1
ATTICUS,372,0,372,1
AUBREY,292,239,531,0.5499058380414312
AUGUSTUS,346,0,346,1
AUSTEN,396,0,396,1
AUSTIN,6324,0,6324,1
AVERY,150,184,334,0.4491017964071856
AVI,319,3,322,0.9906832298136646
AVNEET,15,601,616,0.024350649350649352
AVROHOM,224,0,224,1
AWAIS,1011,0,1011,1
AXEL,677,0,677,1
AYAAN,4354,100,4454,0.9775482712168837
AYAN,696,277,973,0.7153134635149023
AYAT,4,439,443,0.009029345372460496
AYAZ,288,0,288,1
AYDAN,254,0,254,1
AYDEN,1422,0,1422,1
AYDIN,682,0,682,1
AYMAN,1413,155,1568,0.9011479591836735
AYMEN,251,36,287,0.8745644599303136
AYOMIDE,423,304,727,0.5818431911966988
AYOUB,395,0,395,1
AYRTON,519,0,519,1
AYUB,791,0,791,1
AYUSH,401,0,401,1
AYYAN,208,0,208,1
AYYUB,311,0,311,1
AZAAN,902,0,902,1
AZEEM,289,0,289,1
AZHAR,208,6,214,0.9719626168224299
BABY,167,134,301,0.5548172757475083
BAILEE,169,157,326,0.5184049079754601
BAILEY,13720,1581,15301,0.8966734200379061
BALRAJ,246,0,246,1
BARAN,337,13,350,0.9628571428571429
BARNABAS,282,0,282,1
BARNABY,3327,0,3327,1
BARNEY,1160,0,1160,1
BARRY,381,0,381,1
BARTLOMIEJ,213,0,213,1
BARTOSZ,695,0,695,1
BASIL,228,0,228,1
BAXTER,304,0,304,1
BAY,90,124,214,0.4205607476635514
BAYLEE,218,179,397,0.5491183879093199
BAYLEIGH,86,305,391,0.21994884910485935
BAYLEY,741,148,889,0.8335208098987626
BEAU,3195,2003,5198,0.6146594844170835
BECK,258,0,258,1
BEN,34981,0,34981,1
BENAS,258,0,258,1
BENEDICT,2937,9,2946,0.9969450101832994
BENJAMIN,77024,0,77024,1
BENN,328,0,328,1
BENNY,219,0,219,1
BENTLEY,976,0,976,1
BERNARD,439,0,439,1
BERTIE,901,0,901,1
BERTRAM,239,0,239,1
BILAAL,369,0,369,1
BILAL,3124,0,3124,1
BILL,280,0,280,1
BILLIE,137,2366,2503,0.054734318817419095
BILLY,14549,20,14569,0.9986272221840895
BILLY-JOE,214,0,214,1
BLAINE,556,0,556,1
BLAISE,246,141,387,0.6356589147286822
BLAKE,10277,95,10372,0.9908407250289241
BLESSING,173,671,844,0.20497630331753555
BLISS,3,252,255,0.011764705882352941
BLUE,259,62,321,0.8068535825545171
BLYTHE,3,338,341,0.008797653958944282
BO,130,560,690,0.18840579710144928
BOBBI,130,837,967,0.1344364012409514
BOBBIE,388,1008,1396,0.27793696275071633
BOBBY,9903,103,10006,0.9897061762942234
BODHI,503,20,523,0.9617590822179732
BOE,64,166,230,0.2782608695652174
BORIS,394,0,394,1
BORYS,240,0,240,1
BRAD,1288,0,1288,1
BRADEN,458,0,458,1
BRADLEE,235,0,235,1
BRADLEY,28315,0,28315,1
BRADY,557,18,575,0.9686956521739131
BRAIDEN,280,0,280,1
BRANDAN,551,0,551,1
BRANDEN,431,0,431,1
BRANDON,25440,0,25440,1
BRANDON-LEE,375,0,375,1
BRAXTON,299,0,299,1
BRAYDEN,1298,0,1298,1
BRAYDON,587,0,587,1
BRENDAN,2618,0,2618,1
BRENDEN,243,0,243,1
BRENDON,797,0,797,1
BRENNAN,466,0,466,1
BRENT,219,0,219,1
BRETT,1456,0,1456,1
BRIAN,2024,0,2024,1
BRODIE,1993,829,2822,0.7062367115520907
BRODY,2534,109,2643,0.9587589860007567
BROGAN,944,1431,2375,0.3974736842105263
BROOK,472,325,797,0.5922208281053952
BROOKE,166,15722,15888,0.010448136958710977
BROOKLYN,2268,950,3218,0.7047855811062772
BRUCE,779,0,779,1
BRUNO,1044,0,1044,1
BRYAN,1077,0,1077,1
BRYCE,587,11,598,0.9816053511705686
BRYN,1332,3,1335,0.9977528089887641
BUDDY,793,0,793,1
BUSTER,257,0,257,1
BYRON,2102,0,2102,1
CADE,595,3,598,0.9949832775919732
CADEN,1564,16,1580,0.9898734177215189
CAELAN,934,17,951,0.982124079915878
CAI,2147,17,2164,0.9921441774491682
CAIDEN,1630,0,1630,1
CAIN,1812,0,1812,1
CAINE,690,0,690,1
CAIO,291,0,291,1
CAIRO,515,26,541,0.9519408502772643
CAIUS,269,0,269,1
CALEB,8809,0,8809,1
CALI,4,261,265,0.01509433962264151
CALLAM,431,0,431,1
CALLAN,876,8,884,0.9909502262443439
CALLUM,62649,0,62649,1
CALLY,6,352,358,0.01675977653631285
CALUM,5726,0,5726,1
CALVIN,2033,0,2033,1
CAMDEN,208,3,211,0.985781990521327
CAMERON,37790,665,38455,0.982707060200234
CAMILLE,18,797,815,0.022085889570552148
CAMPBELL,445,4,449,0.9910913140311804
CAMRON,836,0,836,1
CAN,231,0,231,1
CAOLAN,213,0,213,1
CARL,2834,0,2834,1
CARLO,477,0,477,1
CARLOS,982,0,982,1
CARLTON,381,0,381,1
CARSON,871,8,879,0.9908987485779295
CARTER,3984,3,3987,0.999247554552295
CARWYN,447,0,447,1
CASEY,3072,6588,9660,0.31801242236024846
CASPAR,796,0,796,1
CASPER,1355,0,1355,1
CASPIAN,265,0,265,1
CASSIDY,159,958,1117,0.1423455684870188
CASSIUS,977,0,977,1
CAVAN,572,0,572,1
CAYDEN,1516,0,1516,1
CELYN,75,430,505,0.1485148514851485
CEM,314,0,314,1
CERI,107,714,821,0.13032886723507917
CHACE,290,6,296,0.9797297297297297
CHAD,1087,0,1087,1
CHAIM,460,0,460,1
CHANCE,271,51,322,0.8416149068322981
CHANDLER,415,9,424,0.9787735849056604
CHARLEE,174,573,747,0.23293172690763053
CHARLES,27127,0,27127,1
CHARLEY,1673,4228,5901,0.2835112692763938
CHARLI,32,573,605,0.05289256198347107
CHARLIE,78286,7454,85740,0.913062747842314
CHARLY,155,402,557,0.27827648114901254
CHASE,2008,126,2134,0.9409559512652296
CHAY,442,9,451,0.9800443458980045
CHE,737,56,793,0.9293820933165196
CHESTER,1070,0,1070,1
CHEYENNE,11,1040,1051,0.010466222645099905
CHI,149,58,207,0.7198067632850241
CHRIS,674,0,674,1
CHRISTIAN,7914,0,7914,1
CHRISTIE,69,600,669,0.1031390134529148
CHRISTOPHER,24005,0,24005,1
CHRISTOS,254,0,254,1
CHRISTY,227,257,484,0.4690082644628099
CIAN,3377,32,3409,0.9906130830155471
CIARAN,4872,0,4872,1
CIERAN,451,0,451,1
CILLIAN,521,0,521,1
CLARK,700,0,700,1
CLARKE,235,3,238,0.9873949579831933
CLAY,332,0,332,1
CLAYTON,1533,0,1533,1
CLEMENT,329,0,329,1
CLINTON,203,0,203,1
COBI,219,5,224,0.9776785714285714
COBIE,237,29,266,0.8909774436090225
COBY,1711,28,1739,0.9838987924094307
CODEY,517,92,609,0.8489326765188834
CODI,197,214,411,0.4793187347931874
CODIE,426,1179,1605,0.26542056074766357
CODY,7028,1179,8207,0.8563421469477276
COEN,326,0,326,1
COHEN,1340,0,1340,1
COLBY,1037,42,1079,0.9610750695088045
COLE,5854,0,5854,1
COLIN,1046,0,1046,1
COLM,261,0,261,1
COLTON,232,0,232,1
CONALL,329,0,329,1
CONAN,264,0,264,1
CONNAH,394,3,397,0.9924433249370277
CONNER,2615,0,2615,1
CONNOR,49897,4,49901,0.9999198412857457
CONOR,8795,0,8795,1
CONRAD,1193,0,1193,1
COOPER,1884,13,1897,0.9931470743278862
CORBAN,299,0,299,1
CORBEN,505,0,505,1
CORBIN,398,0,398,1
CORBYN,222,0,222,1
COREY,11060,141,11201,0.9874118382287296
CORI,210,71,281,0.7473309608540926
CORIN,254,83,337,0.7537091988130564
CORMAC,678,0,678,1
CORRIE,115,111,226,0.5088495575221239
CORY,2851,39,2890,0.9865051903114187
COSMO,351,0,351,1
COURTNEY,390,22820,23210,0.01680310211115898
CRAIG,4315,0,4315,1
CRISTIAN,365,0,365,1
CRISTIANO,236,0,236,1
CRUZ,816,3,819,0.9963369963369964
CULLEN,202,0,202,1
CURTIS,5492,0,5492,1
CYRUS,832,0,832,1
DAANISH,290,0,290,1
DAANYAAL,341,0,341,1
DAFYDD,1227,0,1227,1
DAINTON,258,0,258,1
DAKOTA,142,843,985,0.14416243654822336
DALE,1515,16,1531,0.9895493141737427
DALTON,929,0,929,1
DAMIAN,1977,0,1977,1
DAMIEN,1772,0,1772,1
DAMON,1053,0,1053,1
DAN,648,0,648,1
DANA,26,1457,1483,0.01753202966958867
DANE,842,3,845,0.9964497041420118
DANI,127,349,476,0.2668067226890756
DANIAL,502,0,502,1
DANIEL,108237,0,108237,1
DANIELE,159,128,287,0.554006968641115
DANIELIUS,280,0,280,1
DANISH,480,0,480,1
DANIYAL,1052,0,1052,1
DANNI,3,785,788,0.0038071065989847717
DANNY,7268,0,7268,1
DANTE,1499,9,1508,0.9940318302387268
DANYAAL,528,0,528,1
DANYAL,1201,0,1201,1
DARA,285,199,484,0.5888429752066116
DARCEY,25,6311,6336,0.003945707070707071
DARCY,599,6483,7082,0.08458062694154193
D'ARCY,22,194,216,0.10185185185185185
DARIAN,173,41,214,0.8084112149532711
DARIO,285,0,285,1
DARIUS,1063,0,1063,1
DARNELL,638,0,638,1
DARRAGH,517,0,517,1
DARRELL,239,0,239,1
DARREN,2776,0,2776,1
DARRYL,394,0,394,1
DARWIN,240,3,243,0.9876543209876543
DARYL,481,53,534,0.900749063670412
DAUD,231,0,231,1
DAVEY,245,0,245,1
DAVID,27929,0,27929,1
DAWID,1350,0,1350,1
DAWOOD,318,0,318,1
DAWSON,619,0,619,1
DAWUD,651,0,651,1
DAYA,35,260,295,0.11864406779661017
DAYTON,210,0,210,1
DEACON,1260,0,1260,1
DEAN,4785,0,4785,1
DECLAN,10550,0,10550,1
DEEN,462,0,462,1
DEMPSEY,136,69,205,0.6634146341463415
DENIS,1155,0,1155,1
DENIZ,742,147,889,0.8346456692913385
DENNIS,1617,0,1617,1
DENNY,377,14,391,0.9641943734015346
DENVER,305,86,391,0.7800511508951407
DENZEL,639,0,639,1
DEON,442,24,466,0.9484978540772532
DEREK,399,0,399,1
DERRY,189,28,217,0.8709677419354839
DESMOND,206,0,206,1
DESTINY,100,3046,3146,0.03178639542275906
DEV,520,0,520,1
DEVAN,473,79,552,0.8568840579710145
DEVANTE,242,0,242,1
DEVEN,220,33,253,0.8695652173913043
DEVIN,327,15,342,0.956140350877193
DEVON,2015,1145,3160,0.6376582278481012
DEVONTE,271,0,271,1
DEWI,705,0,705,1
DEXTER,6903,0,6903,1
DHILAN,213,0,213,1
DHRUV,846,0,846,1
DIAMOND,42,171,213,0.19718309859154928
DIEGO,965,0,965,1
DIGBY,268,0,268,1
DILAN,710,173,883,0.8040770101925255
DILLAN,793,3,796,0.9962311557788944
DILLON,3564,6,3570,0.9983193277310924
DIMITRI,249,0,249,1
DIOGO,272,0,272,1
DION,1382,326,1708,0.8091334894613583
DIOR,49,171,220,0.22272727272727272
DIVINE,200,457,657,0.30441400304414
DIVYA,3,246,249,0.012048192771084338
DIYA,3,1493,1496,0.002005347593582888
DOMINIC,16003,0,16003,1
DOMINICK,218,0,218,1
DOMINIK,2132,0,2132,1
DOMINIQUE,42,748,790,0.053164556962025315
DOMINYKAS,336,0,336,1
DONALD,302,0,302,1
DONOVAN,471,0,471,1
DONTE,241,0,241,1
DORIAN,515,0,515,1
DOUGIE,525,0,525,1
DOUGLAS,2107,0,2107,1
DRAKE,250,0,250,1
DRE,203,0,203,1
DREW,2918,792,3710,0.786522911051213
DUNCAN,1047,0,1047,1
DWAYNE,400,0,400,1
DYLAN,49966,171,50137,0.996589345194168
DYLON,257,0,257,1
EAMON,301,0,301,1
EAMONN,205,0,205,1
EBEN,498,0,498,1
EBENEZER,232,0,232,1
EBRAHIM,256,0,256,1
EDAN,317,3,320,0.990625
EDDIE,1719,0,1719,1
EDDY,236,0,236,1
EDEN,1705,5757,7462,0.228491021173948
EDGAR,533,0,533,1
EDISON,486,0,486,1
EDMUND,880,0,880,1
EDUARD,299,0,299,1
EDUARDO,307,0,307,1
EDWARD,35869,0,35869,1
EDWIN,1159,0,1159,1
EESA,1768,0,1768,1
EFAN,297,0,297,1
EFE,233,6,239,0.9748953974895398
EHSAN,552,0,552,1
EISA,542,0,542,1
EKAM,161,81,242,0.6652892561983471
ELAN,102,233,335,0.3044776119402985
ELI,3389,97,3486,0.9721744119334481
ELIA,45,283,328,0.13719512195121952
ELIAS,2414,0,2414,1
ELIJAH,8289,6,8295,0.9992766726943942
ELIOT,852,6,858,0.993006993006993
ELIOTT,243,0,243,1
ELIS,893,73,966,0.9244306418219461
ELISHA,341,4178,4519,0.07545917238327063
ELLIOT,16597,105,16702,0.9937133277451802
ELLIOTT,11156,55,11211,0.9950941040049951
ELLIS,13244,1230,14474,0.9150200359264888
ELLISON,228,44,272,0.8382352941176471
ELVIS,360,0,360,1
ELWOOD,232,0,232,1
ELYAS,253,0,253,1
EMAAN,20,758,778,0.02570694087403599
EMANUEL,449,0,449,1
EMERSON,479,76,555,0.863063063063063
EMIL,696,0,696,1
EMILE,505,80,585,0.8632478632478633
EMILIO,670,0,670,1
EMIR,397,0,397,1
EMMANUEL,4016,0,4016,1
EMMETT,237,0,237,1
EMRE,690,0,690,1
EMRYS,202,0,202,1
ENES,248,0,248,1
ENIOLA,30,185,215,0.13953488372093023
ENOCH,336,0,336,1
ENRICO,267,0,267,1
ENZO,1132,0,1132,1
EOGHAN,311,0,311,1
EOIN,1019,0,1019,1
EPHRAIM,336,0,336,1
EREN,653,22,675,0.9674074074074074
ERIC,2924,0,2924,1
ERIK,860,0,860,1
ERIN,119,26518,26637,0.004467470060442242
ERNEST,883,0,883,1
ERNIE,405,0,405,1
ERYK,411,0,411,1
ESA,580,0,580,1
ESHAAN,283,0,283,1
ESHAN,694,0,694,1
ESSA,245,0,245,1
ETHAN,62069,0,62069,1
ETIENNE,442,77,519,0.8516377649325626
EUAN,4860,0,4860,1
EUGENE,384,0,384,1
EVAN,11134,61,11195,0.9945511389012952
EWAN,9599,0,9599,1
EWEN,206,0,206,1
EZEKIEL,1016,0,1016,1
EZRA,1793,83,1876,0.9557569296375267
FABIAN,1907,0,1907,1
FABIEN,239,0,239,1
FABIO,630,0,630,1
FAHAD,595,0,595,1
FAHEEM,389,0,389,1
FAHIM,447,0,447,1
FAISAL,811,0,811,1
FAITH,9,11516,11525,0.0007809110629067246
FAIZ,284,0,284,1
FAIZAAN,504,0,504,1
FAIZAN,907,0,907,1
FALAK,12,424,436,0.027522935779816515
FALLON,30,516,546,0.054945054945054944
FARAH,23,1326,1349,0.01704966641957005
FARHAAN,449,0,449,1
FARHAN,1350,0,1350,1
FARIS,990,0,990,1
FAVOUR,87,361,448,0.19419642857142858
FEDERICO,254,0,254,1
FELIX,7847,10,7857,0.9987272495863562
FENN,183,18,201,0.9104477611940298
FENTON,445,0,445,1
FERDINAND,222,0,222,1
FERGUS,1793,0,1793,1
FERNANDO,231,0,231,1
FILIP,3401,0,3401,1
FINBAR,288,0,288,1
FINDLAY,597,0,597,1
FINLAY,14918,224,15142,0.985206709813763
FINLEY,24025,174,24199,0.992809620232241
FINN,8070,42,8112,0.9948224852071006
FINNIAN,509,0,509,1
FINNLAY,326,10,336,0.9702380952380952
FINNLEY,1511,3,1514,0.9980184940554822
FINTAN,561,0,561,1
FIONN,472,35,507,0.9309664694280079
FLETCHER,2441,0,2441,1
FLOYD,329,0,329,1
FLYNN,3923,10,3933,0.9974574116450546
FOX,228,3,231,0.987012987012987
FRANCESCO,642,0,642,1
FRANCIS,3574,27,3601,0.9925020827547903
FRANCISCO,371,0,371,1
FRANCISZEK,600,0,600,1
FRANCO,223,0,223,1
FRANK,3256,0,3256,1
FRANKIE,8896,3163,12059,0.7377062774691102
FRANKLIN,1004,0,1004,1
FRANKLYN,232,0,232,1
FRANKY,515,4,519,0.9922928709055877
FRASER,4793,0,4793,1
FRAZER,1586,0,1586,1
FRED,1019,0,1019,1
FREDDIE,21506,27,21533,0.9987461106209075
FREDDY,2449,0,2449,1
FREDERIC,557,0,557,1
FREDERICK,11435,0,11435,1
FREDERIK,221,0,221,1
FREDRICK,395,0,395,1
FYNLEY,268,0,268,1
FYNN,833,0,833,1
GABRIEL,12626,47,12673,0.9962913280202004
GABRIELE,135,379,514,0.26264591439688717
GAGE,317,0,317,1
GARETH,1994,0,1994,1
GARRY,214,0,214,1
GARY,1429,0,1429,1
GAVIN,1226,0,1226,1
GENE,402,0,402,1
GEOFFREY,325,0,325,1
GEORGE,82840,26,82866,0.9996862404363671
GEORGI,141,97,238,0.592436974789916
GEORGIE,1180,2899,4079,0.2892865898504535
GERAINT,304,0,304,1
GERALD,272,0,272,1
GERARD,522,0,522,1
GERRARD,211,0,211,1
GETHIN,1511,0,1511,1
GIA,3,376,379,0.0079155672823219
GIACOMO,268,0,268,1
GIANLUCA,546,0,546,1
GIANNI,324,0,324,1
GIDEON,698,0,698,1
GILBERT,373,0,373,1
GILES,478,0,478,1
GINO,302,0,302,1
GIORGIO,356,0,356,1
GIOVANNI,719,0,719,1
GIUSEPPE,296,0,296,1
GLEN,572,0,572,1
GLENN,480,0,480,1
GORDON,278,0,278,1
GRACE,3,61162,61165,0.000049047657974331723
GRAHAM,523,0,523,1
GRANT,1118,0,1118,1
GRAYSON,1204,0,1204,1
GREG,440,0,440,1
GREGOR,449,0,449,1
GREGORY,2630,0,2630,1
GRIFFIN,241,0,241,1
GRUFFUDD,211,0,211,1
GRUFFYDD,353,0,353,1
GURPREET,160,245,405,0.3950617283950617
GURSIMRAN,17,194,211,0.08056872037914692
GURVEER,236,6,242,0.9752066115702479
GUS,370,0,370,1
GUTO,262,0,262,1
GUY,2303,0,2303,1
GWILYM,255,0,255,1
GWION,275,0,275,1
HAARIS,813,0,813,1
HABIB,373,0,373,1
HADI,511,0,511,1
HADLEY,641,110,751,0.8535286284953395
HAIDAR,340,0,340,1
HAIDEN,319,6,325,0.9815384615384616
HAIDER,1559,0,1559,1
HAKEEM,423,0,423,1
HAKIM,210,0,210,1
HAL,378,0,378,1
HAMAAD,254,0,254,1
HAMAD,226,0,226,1
HAMID,380,0,380,1
HAMISH,2033,0,2033,1
HAMMAD,480,0,480,1
HAMZA,6090,0,6090,1
HAMZAH,1990,0,1990,1
HANAN,38,482,520,0.07307692307692308
HANI,137,96,233,0.5879828326180258
HANNAN,115,168,283,0.40636042402826855
HAREEM,3,327,330,0.00909090909090909
HARI,1061,0,1061,1
HARIS,2072,0,2072,1
HARJOT,157,72,229,0.6855895196506551
HARLAN,327,0,327,1
HARLEE,287,82,369,0.7777777777777778
HARLEIGH,79,362,441,0.17913832199546487
HARLEY,15672,1574,17246,0.9087324597008002
HARLIE,142,309,451,0.3148558758314856
HARLOW,151,404,555,0.27207207207207207
HARMAN,327,56,383,0.8537859007832899
HAROLD,499,0,499,1
HAROON,1371,0,1371,1
HARPER,314,2267,2581,0.12165827198760171
HARPREET,136,287,423,0.3215130023640662
HARRI,1831,16,1847,0.9913373037357878
HARRIS,2221,3,2224,0.9986510791366906
HARRISON,32358,0,32358,1
HARRY,110778,0,110778,1
HARSIMRAN,17,230,247,0.06882591093117409
HARUN,479,0,479,1
HARVEER,243,3,246,0.9878048780487805
HARVEY,29333,0,29333,1
HARVEY-LEE,225,0,225,1
HARVIE,276,4,280,0.9857142857142858
HASAN,2822,0,2822,1
HASEEB,831,0,831,1
HASHIM,1495,0,1495,1
HASHIR,277,0,277,1
HASNAIN,963,0,963,1
HASSAN,4420,0,4420,1
HAYDEN,10756,206,10962,0.9812078087940157
HAYDN,2190,16,2206,0.9927470534904805
HAYDON,558,0,558,1
HEATH,903,0,903,1
HEAVEN,16,188,204,0.0784313725490196
HECTOR,1672,0,1672,1
HENDRIX,262,0,262,1
HENLEY,936,9,945,0.9904761904761905
HENRI,885,0,885,1
HENRY,38966,0,38966,1
HERBERT,444,0,444,1
HERBIE,673,0,673,1
HISHAM,360,0,360,1
HOPE,25,6063,6088,0.004106438896189225
HOWARD,381,0,381,1
HUBERT,585,0,585,1
HUDSON,1411,3,1414,0.9978783592644979
HUEY,348,0,348,1
HUGH,2233,0,2233,1
HUGHIE,265,0,265,1
HUGO,7644,0,7644,1
HUMPHREY,219,0,219,1
HUMZA,761,0,761,1
HUNTER,1497,9,1506,0.9940239043824701
HUSEYIN,361,0,361,1
HUSNAIN,409,0,409,1
HUSSAIN,1449,0,1449,1
HUSSEIN,581,0,581,1
HUW,1077,0,1077,1
HUXLEY,321,0,321,1
HUZAIFA,405,0,405,1
HUZAIFAH,410,0,410,1
HYWEL,201,0,201,1
IAIN,495,0,495,1
IAN,2230,0,2230,1
IBRAHEEM,1454,0,1454,1
IBRAHIM,8420,0,8420,1
IDREES,402,0,402,1
IDRIS,1174,0,1174,1
IESTYN,1348,0,1348,1
IEUAN,2319,0,2319,1
IFAN,509,0,509,1
IFEOLUWA,83,198,281,0.29537366548042704
IGOR,838,0,838,1
IHSAN,325,20,345,0.9420289855072463
IKRAM,212,226,438,0.4840182648401826
ILHAM,16,197,213,0.07511737089201878
ILYAS,1168,0,1168,1
IMAAD,242,0,242,1
IMAAN,170,2095,2265,0.07505518763796909
IMAD,221,0,221,1
IMAN,149,2064,2213,0.06732941708088568
IMANI,46,901,947,0.048574445617740235
IMMANUEL,266,0,266,1
IMRAN,1554,0,1554,1
INDI,36,393,429,0.08391608391608392
INDIANA,235,673,908,0.2588105726872247
INDIE,75,1048,1123,0.06678539626001781
INDIGO,83,653,736,0.11277173913043478
INDY,156,166,322,0.484472049689441
INIGO,293,0,293,1
IOAN,1620,0,1620,1
IOLO,326,0,326,1
IRFAN,384,0,384,1
ISA,1776,68,1844,0.9631236442516269
ISAAC,30460,0,30460,1
ISAAK,250,0,250,1
ISAIAH,1970,0,1970,1
ISHAAN,747,0,747,1
ISHAAQ,314,0,314,1
ISHAN,407,0,407,1
ISHAQ,643,0,643,1
ISHMAEL,327,0,327,1
ISMAEEL,1151,0,1151,1
ISMAEL,591,0,591,1
ISMAIL,3020,0,3020,1
ISRAEL,735,22,757,0.9709379128137384
ISSA,434,0,434,1
ISSAC,644,0,644,1
IVAN,1657,0,1657,1
IVO,279,0,279,1
IVOR,300,0,300,1
IWAN,1530,0,1530,1
IZAAC,347,0,347,1
IZAAK,724,0,724,1
IZZY,10,770,780,0.01282051282051282
JAC,2052,0,2052,1
JACE,647,6,653,0.9908116385911179
JACEY,47,250,297,0.15824915824915825
JACK,160586,0,160586,1
JACKSON,5810,0,5810,1
JACOB,69209,0,69209,1
JACQUES,673,0,673,1
JADE,34,18992,19026,0.0017870282770945023
JADEN,3220,202,3422,0.9409701928696669
JADON,385,0,385,1
JAE,285,57,342,0.8333333333333334
JAEDEN,250,8,258,0.9689922480620154
JAGO,1052,0,1052,1
JAHEIM,291,0,291,1
JAI,2273,118,2391,0.9506482643245504
JAIDAN,250,3,253,0.9881422924901185
JAIDEN,2799,113,2912,0.961195054945055
JAIDON,250,0,250,1
JAIME,347,1007,1354,0.25627769571639586
JAIMEE,3,413,416,0.007211538461538462
JAIMIE,88,305,393,0.22391857506361323
JAK,1837,0,1837,1
JAKE,60495,0,60495,1
JAKOB,1622,0,1622,1
JAKUB,4223,0,4223,1
JAMAAL,355,0,355,1
JAMAL,2075,0,2075,1
JAMEEL,287,0,287,1
JAMES,122536,0,122536,1
JAMESON,229,0,229,1
JAMIE,37761,2459,40220,0.9388612630532074
JAMIE-LEE,352,563,915,0.3846994535519126
JAMIE-LEIGH,4,797,801,0.004993757802746567
JAMIL,563,0,563,1
JAN,1746,25,1771,0.9858836815358555
JARED,2367,0,2367,1
JARRAD,248,0,248,1
JARRED,305,0,305,1
JARROD,309,0,309,1
JARVIS,408,0,408,1
JASKARAN,294,15,309,0.9514563106796117
JASMEET,38,208,246,0.15447154471544716
JASON,10008,0,10008,1
JASPER,5412,0,5412,1
JASPREET,80,410,490,0.16326530612244897
JASRAJ,210,0,210,1
JAVIER,331,0,331,1
JAWAD,435,0,435,1
JAX,688,0,688,1
JAXON,2762,0,2762,1
JAXSON,882,0,882,1
JAY,13521,222,13743,0.983846321763807
JAYA,12,1094,1106,0.0108499095840868
JAYAN,214,0,214,1
JAYCE,291,3,294,0.9897959183673469
JAYCEE,32,242,274,0.11678832116788321
JAYDAN,784,10,794,0.9874055415617129
JAYDEN,22762,285,23047,0.9876339653751031
JAYDEN-LEE,274,0,274,1
JAYDN,289,0,289,1
JAYDON,1672,9,1681,0.9946460440214159
JAYE,154,158,312,0.4935897435897436
JAY-JAY,213,0,213,1
JAYLAN,213,9,222,0.9594594594594594
JAYLEN,470,7,477,0.9853249475890985
JAYME,95,121,216,0.4398148148148148
JAYMIE,99,178,277,0.3574007220216607
JAYSON,447,0,447,1
JAZZ,94,113,207,0.45410628019323673
JEAN,272,272,544,0.5
JED,1648,0,1648,1
JEDIDIAH,212,3,215,0.986046511627907
JEEVAN,834,58,892,0.9349775784753364
JEFFREY,562,0,562,1
JEM,329,5,334,0.9850299401197605
JENSEN,2844,0,2844,1
JENSON,8353,0,8353,1
JEREMIAH,1583,0,1583,1
JEREMY,1703,0,1703,1
JERMAINE,822,0,822,1
JEROME,1081,0,1081,1
JERRY,361,15,376,0.9601063829787234
JERSEY,3,280,283,0.01060070671378092
JESS,153,429,582,0.26288659793814434
JESSE,4747,310,5057,0.9386988333003757
JESSIE,140,3997,4137,0.0338409475465313
JETHRO,303,0,303,1
JETT,278,9,287,0.9686411149825784
JEVON,213,0,213,1
JIA,279,536,815,0.3423312883435583
JIBRIL,256,0,256,1
JIM,300,0,300,1
JIMI,299,0,299,1
JIMMY,2412,0,2412,1
JO,64,221,285,0.22456140350877193
JOAO,465,0,465,1
JOBE,223,0,223,1
JOCELYN,40,750,790,0.05063291139240506
JODI,39,815,854,0.04566744730679157
JODY,300,520,820,0.36585365853658536
JOE,18143,0,18143,1
JOEL,15744,3,15747,0.9998094875214326
JOEY,3184,86,3270,0.9737003058103976
JOHAN,464,0,464,1
JOHANNES,229,0,229,1
JOHN,18577,0,18577,1
JOHNATHAN,786,0,786,1
JOHNATHON,238,0,238,1
JOHNNY,1468,0,1468,1
JOHN-PAUL,360,0,360,1
JON,1245,0,1245,1
JONAH,3760,0,3760,1
JONAS,944,0,944,1
JONATHAN,15415,0,15415,1
JONATHON,1213,0,1213,1
JONI,11,285,296,0.037162162162162164
JONNY,524,0,524,1
JONTY,611,0,611,1
JORDAN,34514,3941,38455,0.8975165778182291
JORDEN,240,110,350,0.6857142857142857
JORDON,1811,137,1948,0.9296714579055442
JORGE,660,6,666,0.990990990990991
JORGIE,9,493,502,0.017928286852589643
JOSE,657,7,664,0.9894578313253012
JOSEF,1224,0,1224,1
JOSEFF,282,0,282,1
JOSEPH,88091,0,88091,1
JOSH,8497,0,8497,1
JOSHUA,125586,0,125586,1
JOSHUA-JAMES,209,0,209,1
JOSIAH,2106,0,2106,1
JOSS,426,36,462,0.922077922077922
JOVAN,487,0,487,1
JOWAN,224,4,228,0.9824561403508771
JOY,41,1110,1151,0.035621198957428324
JOZEF,347,0,347,1
JUAN,519,0,519,1
JUDAH,483,0,483,1
JUDE,10501,311,10812,0.9712356640769515
JULES,434,26,460,0.9434782608695652
JULIAN,2208,0,2208,1
JULIUS,464,0,464,1
JUN,318,7,325,0.9784615384615385
JUNAID,1410,0,1410,1
JUNAYD,280,0,280,1
JUNIOR,1864,0,1864,1
JUNO,7,378,385,0.01818181818181818
JUSTICE,161,107,268,0.6007462686567164
JUSTIN,3728,0,3728,1
KAAN,467,0,467,1
KABIR,477,0,477,1
KACEY,215,3845,4060,0.05295566502463054
KACI,73,1732,1805,0.04044321329639889
KACIE,9,1631,1640,0.00548780487804878
KACPER,3058,0,3058,1
KACY,11,332,343,0.03206997084548105
KADE,975,3,978,0.9969325153374233
KADEN,1933,4,1937,0.9979349509550852
KAEDEN,202,0,202,1
KAELAN,438,0,438,1
KAI,18299,178,18477,0.9903664014721004
KAIA,11,548,559,0.01967799642218247
KAIDAN,247,0,247,1
KAIDEN,4030,8,4038,0.9980188211986132
KAIF,237,0,237,1
KAILAN,223,0,223,1
KAILEN,213,0,213,1
KAILUM,217,0,217,1
KAIN,699,0,699,1
KAINE,1159,0,1159,1
KAIRO,319,0,319,1
KAIRON,215,0,215,1
KAIYA,28,531,559,0.05008944543828265
KAJUS,421,0,421,1
KALEB,1429,0,1429,1
KALEEM,287,0,287,1
KALEM,338,0,338,1
KALEN,210,0,210,1
KALLUM,1695,0,1695,1
KALUM,348,0,348,1
KALVIN,296,0,296,1
KAMAL,525,0,525,1
KAMARI,210,0,210,1
KAMERON,765,29,794,0.9634760705289672
KAMIL,970,0,970,1
KAMRAN,1418,0,1418,1
KAMRON,297,0,297,1
KANE,6404,0,6404,1
KARAM,451,41,492,0.9166666666666666
KARAN,664,7,671,0.9895678092399404
KAREEM,622,0,622,1
KARIM,773,0,773,1
KARIS,6,864,870,0.006896551724137931
KARL,2485,0,2485,1
KAROL,427,0,427,1
KASEY,470,1447,1917,0.24517475221700574
KASHIF,359,0,359,1
KASIM,573,0,573,1
KASPER,527,0,527,1
KAVAN,319,0,319,1
KAY,19,422,441,0.04308390022675737
KAYA,471,1371,1842,0.255700325732899
KAYAN,266,3,269,0.9888475836431226
KAYCEE,15,431,446,0.033632286995515695
KAYDEN,5521,40,5561,0.99280704909189
KAYDON,397,0,397,1
KAYLAN,495,24,519,0.953757225433526
KAYLEM,416,0,416,1
KAYLEN,374,50,424,0.8820754716981132
KAYLUM,580,0,580,1
KAYNE,661,0,661,1
KAYSON,278,0,278,1
KAZI,170,106,276,0.6159420289855072
KEAGAN,295,0,295,1
KEALAN,234,0,234,1
KEAN,202,0,202,1
KEANAN,216,0,216,1
KEANE,936,0,936,1
KEANU,550,0,550,1
KEATON,1682,0,1682,1
KEEGAN,1731,48,1779,0.9730185497470489
KEELAN,1483,6,1489,0.9959704499664204
KEELEY,10,3741,3751,0.002665955745134631
KEENAN,1197,0,1197,1
KEHINDE,120,115,235,0.5106382978723404
KEIR,739,8,747,0.9892904953145917
KEIRAN,2260,0,2260,1
KEIRON,883,0,883,1
KEITH,558,0,558,1
KELAN,224,0,224,1
KELLAN,256,3,259,0.9884169884169884
KELLY,94,4004,4098,0.022938018545632016
KELSEY,220,6906,7126,0.030872859949480774
KELVIN,954,0,954,1
KENAN,524,0,524,1
KENDAL,54,289,343,0.15743440233236153
KENDALL,72,423,495,0.14545454545454545
KENNEDY,192,794,986,0.1947261663286004
KENNETH,860,0,860,1
KENNY,756,0,756,1
KENZI,121,131,252,0.4801587301587302
KENZIE,2347,656,3003,0.7815517815517815
KENZO,302,0,302,1
KEON,370,0,370,1
KEREM,255,0,255,1
KERRY,38,1781,1819,0.020890599230346345
KEVIN,5214,0,5214,1
KEYAAN,436,0,436,1
KEYAN,218,0,218,1
KEZIAH,10,1025,1035,0.00966183574879227
KHALED,289,0,289,1
KHALEEL,236,0,236,1
KHALID,1683,0,1683,1
KHALIL,643,0,643,1
KIA,104,1451,1555,0.06688102893890675
KIAH,39,640,679,0.05743740795287187
KIAN,14814,6,14820,0.9995951417004049
KIE,224,0,224,1
KIERAN,29593,27,29620,0.9990884537474679
KIEREN,1322,0,1322,1
KIERON,4429,0,4429,1
KILLIAN,239,0,239,1
KIM,110,530,640,0.171875
KIMI,94,120,214,0.4392523364485981
KINGSLEY,771,0,771,1
KINZA,3,265,268,0.011194029850746268
KIRAN,952,1344,2296,0.4146341463414634
KIRBY,34,232,266,0.12781954887218044
KIRI,4,243,247,0.016194331983805668
KIRK,387,0,387,1
KISHAN,506,0,506,1
KIT,1003,41,1044,0.960727969348659
KIYA,31,522,553,0.05605786618444846
KIYAN,372,0,372,1
KOBE,949,0,949,1
KOBI,923,3,926,0.9967602591792657
KOBIE,360,3,363,0.9917355371900827
KOBY,719,3,722,0.9958448753462604
KODI,371,162,533,0.6960600375234521
KODIE,197,274,471,0.4182590233545648
KODY,763,68,831,0.9181708784596871
KOFI,546,3,549,0.994535519125683
KOLE,205,0,205,1
KONNOR,222,0,222,1
KONRAD,491,0,491,1
KORBEN,466,0,466,1
KOREY,515,3,518,0.9942084942084942
KORI,198,44,242,0.8181818181818182
KORY,237,0,237,1
KOURTNEY,4,410,414,0.00966183574879227
KRIS,220,0,220,1
KRISH,1091,0,1091,1
KRISHAN,590,0,590,1
KRISHNA,301,223,524,0.5744274809160306
KRISTEN,121,436,557,0.21723518850987433
KRISTIAN,2340,0,2340,1
KRISTOPHER,434,0,434,1
KRYSTIAN,502,0,502,1
KRZYSZTOF,298,0,298,1
KUBA,360,0,360,1
KURT,1121,0,1121,1
KURTIS,1556,0,1556,1
KUSH,352,0,352,1
KWAME,280,0,280,1
KYA,33,546,579,0.05699481865284974
KYAH,10,216,226,0.04424778761061947
KYAN,1016,4,1020,0.996078431372549
KYE,3581,6,3587,0.9983272930025091
KYLAN,738,0,738,1
KYLE,27345,0,27345,1
KYMANI,279,6,285,0.9789473684210527
KYRAN,2071,0,2071,1
KYRON,1340,0,1340,1
LACHLAN,1278,0,1278,1
LAITH,464,0,464,1
LAMAR,289,125,414,0.6980676328502415
LANCE,487,0,487,1
LANDON,292,0,292,1
LANI,4,380,384,0.010416666666666666
LARRY,210,0,210,1
LARS,224,0,224,1
LAUREN,3,49710,49713,0.00006034638826866212
LAURENCE,2494,0,2494,1
LAURIE,580,611,1191,0.4869857262804366
LAWRENCE,2644,0,2644,1
LAWSON,736,0,736,1
LAYTON,3429,0,3429,1
LEA,6,1120,1126,0.0053285968028419185
LEANDRO,350,0,350,1
LEE,7499,54,7553,0.9928505229710048
LEIGH,329,880,1209,0.272125723738627
LEIGHTON,4011,15,4026,0.996274217585693
LELAND,1090,0,1090,1
LEMAR,259,3,262,0.9885496183206107
LENNIE,497,52,549,0.9052823315118397
LENNON,3577,12,3589,0.9966564502646977
LENNOX,675,8,683,0.9882869692532943
LENNY,2026,3,2029,0.9985214391325776
LEO,31418,0,31418,1
LEON,16673,0,16673,1
LEONARD,1640,0,1640,1
LEONARDO,2694,0,2694,1
LEONIDAS,442,0,442,1
LEROY,405,0,405,1
LESLEY,6,282,288,0.020833333333333332
LESLIE,261,19,280,0.9321428571428572
LEVI,6227,546,6773,0.9193857965451055
LEWIE,470,0,470,1
LEWIS,64963,0,64963,1
LEWYS,591,0,591,1
LEX,254,0,254,1
LEXI,3,10004,10007,0.00029979014689717197
LEXUS,53,169,222,0.23873873873873874
LEYTON,1328,0,1328,1
LIAM,53902,0,53902,1
LIBAN,216,0,216,1
LIBERTY,4,3566,3570,0.0011204481792717086
LILY,3,52156,52159,0.000057516440115799765
LINCOLN,2364,0,2364,1
LINDEN,242,0,242,1
LINUS,319,0,319,1
LLEYTON,314,0,314,1
LLOYD,3025,0,3025,1
LOCHLAN,683,0,683,1
LOGAN,26325,347,26672,0.9869901019796041
LOKI,380,5,385,0.987012987012987
LORCAN,705,0,705,1
LOREN,8,793,801,0.009987515605493134
LORENZO,1571,0,1571,1
LOUI,530,0,530,1
LOUIE,11646,17,11663,0.9985423990396982
LOUIS,26015,0,26015,1
LUC,913,0,913,1
LUCA,13647,171,13818,0.9876248371689101
LUCAS,31273,0,31273,1
LUCCA,557,14,571,0.9754816112084063
LUCIAN,809,0,809,1
LUCIANO,277,0,277,1
LUCIEN,442,0,442,1
LUCIUS,215,0,215,1
LUCUS,203,0,203,1
LUIS,2663,0,2663,1
LUKA,1661,206,1867,0.889662560257097
LUKAS,3020,0,3020,1
LUKASZ,267,0,267,1
LUKE,66636,0,66636,1
LUQMAAN,213,0,213,1
LUQMAN,597,0,597,1
LYLE,369,0,369,1
LYNDON,629,0,629,1
MAC,290,0,290,1
MACAULAY,835,0,835,1
MACAULEY,2028,3,2031,0.9985228951255539
MACEY,17,3744,3761,0.00452007444828503
MACIEJ,474,0,474,1
MACK,240,0,240,1
MACKENZIE,3995,1298,5293,0.7547704515397695
MACSEN,391,0,391,1
MACY,3,3918,3921,0.0007651109410864575
MADDISON,30,10900,10930,0.0027447392497712718
MADDOX,768,11,779,0.9858793324775353
MADISON,97,15325,15422,0.00628971599014395
MAGNUS,783,0,783,1
MAHAD,357,0,357,1
MAHAMED,295,0,295,1
MAHDI,715,0,715,1
MAHEEN,11,425,436,0.02522935779816514
MAHI,17,395,412,0.0412621359223301
MAHIR,558,0,558,1
MAHMOUD,280,0,280,1
MAISON,970,0,970,1
MAKENZIE,247,178,425,0.5811764705882353
MAKSIM,337,0,337,1
MAKSYMILIAN,959,0,959,1
MALACHI,3121,0,3121,1
MALACHY,854,0,854,1
MALAKAI,1065,0,1065,1
MALAKI,290,0,290,1
MALCOLM,378,0,378,1
MALI,51,990,1041,0.04899135446685879
MALIK,1207,3,1210,0.9975206611570248
MANAV,270,0,270,1
MANDEEP,119,121,240,0.49583333333333335
MANPREET,108,304,412,0.2621359223300971
MANRAJ,468,6,474,0.9873417721518988
MANUEL,262,0,262,1
MANVEER,292,32,324,0.9012345679012346
MANVIR,208,24,232,0.896551724137931
MARC,1941,0,1941,1
MARCEL,1944,0,1944,1
MARCO,1703,0,1703,1
MARCOS,246,0,246,1
MARCUS,9333,0,9333,1
MAREK,338,0,338,1
MARIAN,53,183,236,0.2245762711864407
MARIO,865,0,865,1
MARIUS,243,0,243,1
MARK,9562,0,9562,1
MARKO,306,0,306,1
MARKUS,473,0,473,1
MARLEE,77,172,249,0.3092369477911647
MARLEY,4073,870,4943,0.8239935261986647
MARLI,57,210,267,0.21348314606741572
MARLIE,56,374,430,0.13023255813953488
MARLON,448,0,448,1
MARNI,24,527,551,0.043557168784029036
MARSHALL,2433,0,2433,1
MARTIN,4262,0,4262,1
MARTYN,469,0,469,1
MARVIN,467,0,467,1
MARWAN,322,0,322,1
MASON,25875,10,25885,0.9996136758740584
MASSIMO,332,0,332,1
MATAS,622,0,622,1
MATEI,220,0,220,1
MATEO,619,0,619,1
MATEUSZ,1461,0,1461,1
MATHEW,3030,0,3030,1
MATHIAS,259,0,259,1
MATIAS,282,0,282,1
MATT,647,0,647,1
MATTEO,1357,0,1357,1
MATTHEW,75301,0,75301,1
MATTHIAS,406,0,406,1
MAURICE,298,0,298,1
MAVERICK,205,0,205,1
MAX,44427,3,44430,0.999932478055368
MAXIM,1225,0,1225,1
MAXIME,328,9,337,0.973293768545994
MAXIMILIAN,4988,0,4988,1
MAXIMILLIAN,1560,0,1560,1
MAXIMUS,2702,0,2702,1
MAXWELL,6806,0,6806,1
MAYSON,304,0,304,1
MCCAULEY,227,0,227,1
MCKENZIE,4056,793,4849,0.8364611260053619
MD,534,0,534,1
MEHDI,347,0,347,1
MEHMET,792,0,792,1
MEKHI,243,0,243,1
MELVIN,252,0,252,1
MEMPHIS,177,33,210,0.8428571428571429
MENACHEM,201,0,201,1
MEREDITH,3,881,884,0.003393665158371041
MERLIN,225,0,225,1
MERRYN,4,418,422,0.009478672985781991
MERT,410,0,410,1
MICAH,1877,110,1987,0.9446401610468043
MICHAEL,40020,0,40020,1
MICHAL,1052,145,1197,0.8788638262322472
MICHEAL,324,0,324,1
MICKEY,258,0,258,1
MICKY,214,0,214,1
MIGUEL,810,0,810,1
MIKA,171,399,570,0.3
MIKAEEL,415,0,415,1
MIKAEL,337,0,337,1
MIKAIL,396,0,396,1
MIKE,234,0,234,1
MIKEL,211,0,211,1
MIKEY,1322,0,1322,1
MIKHAIL,386,0,386,1
MIKOLAJ,896,0,896,1
MILAN,1369,375,1744,0.7849770642201835
MILES,5439,0,5439,1
MILEY,90,2659,2749,0.032739177882866496
MILLER,673,25,698,0.9641833810888252
MILO,4182,0,4182,1
MILOSZ,287,0,287,1
MINA,4,684,688,0.005813953488372093
MIRACLE,47,160,207,0.22705314009661837
MIRZA,348,17,365,0.9534246575342465
MISBAH,8,473,481,0.016632016632016633
MISCHA,7,587,594,0.011784511784511785
MISHA,32,716,748,0.0427807486631016
MITCHEL,595,0,595,1
MITCHELL,7889,0,7889,1
MOHAMAD,598,0,598,1
MOHAMED,6547,0,6547,1
MOHAMMAD,18303,0,18303,1
MOHAMMED,58219,0,58219,1
MOHAMMOD,375,0,375,1
MOHSIN,562,0,562,1
MOISHE,259,0,259,1
MONTAGUE,312,0,312,1
MONTANA,10,340,350,0.02857142857142857
MONTGOMERY,1189,0,1189,1
MONTY,1411,0,1411,1
MORDECHAI,216,0,216,1
MORGAN,14532,9126,23658,0.6142531067714938
MORRIS,233,0,233,1
MOSES,967,0,967,1
MOSHE,522,0,522,1
MUBARAK,215,0,215,1
MUHAMED,215,0,215,1
MUHAMMAD,35522,0,35522,1
MUHAMMED,7797,0,7797,1
MUJTABA,238,0,238,1
MUNEEB,267,0,267,1
MURPHY,232,6,238,0.9747899159663865
MURRAY,554,0,554,1
MURTAZA,306,0,306,1
MUSA,2569,0,2569,1
MUSAB,348,0,348,1
MUSTAFA,3292,0,3292,1
MYLES,4488,0,4488,1
MYLIE,3,365,368,0.008152173913043478
MYLO,876,0,876,1
MYRON,221,0,221,1
NABEEL,557,0,557,1
NABIL,572,0,572,1
NADEEM,281,0,281,1
NADIR,231,0,231,1
NAEEM,372,0,372,1
NANA,572,595,1167,0.49014567266495285
NASEEM,241,11,252,0.9563492063492064
NASIR,278,0,278,1
NATAN,735,0,735,1
NATANIEL,312,0,312,1
NATE,816,3,819,0.9963369963369964
NATHAN,41207,0,41207,1
NATHANAEL,1078,0,1078,1
NATHANIAL,319,0,319,1
NATHANIEL,8680,0,8680,1
NAVEED,203,0,203,1
NAYAN,282,0,282,1
NED,1069,0,1069,1
NEEL,377,0,377,1
NEHEMIAH,246,9,255,0.9647058823529412
NEIL,1190,0,1190,1
NELLY,5,521,526,0.009505703422053232
NELSON,486,0,486,1
NEO,1010,7,1017,0.9931170108161259
NERIAH,10,271,281,0.03558718861209965
NEVAEH,8,3600,3608,0.0022172949002217295
NIAH,15,370,385,0.03896103896103896
NIALL,4970,0,4970,1
NIAM,262,0,262,1
NICHOLAS,13041,0,13041,1
NICK,287,0,287,1
NICKY,332,87,419,0.7923627684964201
NICO,1563,84,1647,0.9489981785063752
NICOLA,25,4603,4628,0.0054019014693171994
NICOLAS,2248,0,2248,1
NIGEL,382,0,382,1
NIHAL,379,64,443,0.8555304740406321
NIKHIL,1017,0,1017,1
NIKITA,467,3041,3508,0.13312428734321552
NIKKI,38,761,799,0.04755944931163955
NIKO,217,6,223,0.9730941704035875
NIKODEM,825,0,825,1
NIKOLA,137,1306,1443,0.09494109494109494
NIKOLAI,270,0,270,1
NIKOLAS,643,0,643,1
NILE,348,6,354,0.9830508474576272
NIYAH,6,244,250,0.024
NOA,310,446,756,0.41005291005291006
NOAH,33972,9,33981,0.9997351461110621
NOEL,1071,0,1071,1
NOJUS,386,0,386,1
NOLAN,283,0,283,1
NOOR,288,1936,2224,0.12949640287769784
NOUR,58,386,444,0.13063063063063063
NOVA,16,241,257,0.0622568093385214
NUR,34,384,418,0.08133971291866028
NYAH,14,956,970,0.01443298969072165
NYLE,374,0,374,1
OAKLEY,2417,69,2486,0.9722445695897023
OCEAN,200,877,1077,0.18570102135561745
ODIN,272,0,272,1
OISIN,678,0,678,1
OLAF,475,0,475,1
OLAMIDE,146,195,341,0.4281524926686217
OLIVER,114862,0,114862,1
OLIVIA,3,87959,87962,0.00003410563652486301
OLIVIER,1454,0,1454,1
OLIWIER,825,0,825,1
OLLIE,7417,43,7460,0.9942359249329759
OLLY,3131,0,3131,1
OLUWADAMILOLA,127,197,324,0.39197530864197533
OLUWADEMILADE,130,90,220,0.5909090909090909
OLUWANIFEMI,85,156,241,0.35269709543568467
OLUWASEUN,173,105,278,0.6223021582733813
OLUWASEYI,136,75,211,0.6445497630331753
OLUWATAMILORE,54,165,219,0.2465753424657534
OLUWATOBI,386,111,497,0.7766599597585513
OLUWATOBILOBA,238,68,306,0.7777777777777778
OLUWATOSIN,82,128,210,0.3904761904761905
OM,265,0,265,1
OMAR,4458,0,4458,1
OMARI,573,0,573,1
OMER,512,0,512,1
ORAN,344,0,344,1
OREN,253,3,256,0.98828125
OREOLUWA,85,196,281,0.302491103202847
ORION,365,0,365,1
ORLANDO,922,0,922,1
ORSON,485,0,485,1
OSAMA,226,0,226,1
OSCAR,38469,0,38469,1
OSIAN,1759,0,1759,1
OSKAR,2973,0,2973,1
OSMAN,582,0,582,1
OTIS,1400,0,1400,1
OTTO,1213,0,1213,1
OWAIN,2032,0,2032,1
OWAIS,651,0,651,1
OWEN,29607,0,29607,1
OZAN,251,0,251,1
OZZY,233,0,233,1
PABLO,516,0,516,1
PADDY,489,0,489,1
PADRAIG,217,0,217,1
PAISLEY,40,619,659,0.06069802731411229
PAOLO,347,0,347,1
PARIS,285,3820,4105,0.06942752740560293
PARKER,1050,73,1123,0.9349955476402493
PARTH,216,0,216,1
PATRICK,13257,0,13257,1
PATRIK,277,0,277,1
PATRYK,1412,0,1412,1
PAUL,7571,0,7571,1
PAVAN,285,153,438,0.6506849315068494
PAWEL,324,0,324,1
PAYTON,54,565,619,0.08723747980613894
PEDRO,473,0,473,1
PERCY,356,0,356,1
PERRY,862,21,883,0.9762174405436014
PETER,11077,0,11077,1
PEYTON,99,1355,1454,0.06808803301237965
PHARRELL,402,0,402,1
PHILIP,3981,0,3981,1
PHILLIP,1467,0,1467,1
PHOENIX,1578,849,2427,0.6501854140914709
PIERCE,633,0,633,1
PIERRE,448,0,448,1
PIERS,721,0,721,1
PIOTR,620,0,620,1
PIPER,3,1362,1365,0.002197802197802198
PRAISE,99,194,293,0.3378839590443686
PRANAV,388,0,388,1
PRECIOUS,25,1277,1302,0.019201228878648235
PRESLEY,392,78,470,0.8340425531914893
PRESTON,2446,0,2446,1
PRINCE,1112,0,1112,1
QAIS,235,0,235,1
QASIM,1197,0,1197,1
QUENTIN,270,0,270,1
QUINCY,197,17,214,0.9205607476635514
QUINN,1399,478,1877,0.745338305807139
RAE,18,611,629,0.028616852146263912
RAEES,584,0,584,1
RAEGAN,30,230,260,0.11538461538461539
RAFAEL,1927,0,1927,1
RAFE,971,0,971,1
RAFFERTY,1050,0,1050,1
RAFI,361,0,361,1
RAHEEL,265,0,265,1
RAHEEM,1078,0,1078,1
RAHIM,513,0,513,1
RAHUL,1181,0,1181,1
RAIFE,212,0,212,1
RAIHAN,628,0,628,1
RAJ,212,0,212,1
RAJA,1082,4,1086,0.996316758747698
RAJAN,749,0,749,1
RAJVEER,379,37,416,0.9110576923076923
RALPH,3068,0,3068,1
RALPHIE,402,0,402,1
RALPHY,233,0,233,1
RAMI,234,0,234,1
RANA,85,289,374,0.22727272727272727
RANVEER,278,0,278,1
RAPHAEL,2734,0,2734,1
RASHID,217,0,217,1
RAUL,431,0,431,1
RAVEN,92,423,515,0.1786407766990291
RAVI,473,0,473,1
RAWAN,4,200,204,0.0196078431372549
RAY,662,7,669,0.9895366218236173
RAYAAN,610,168,778,0.7840616966580977
RAYAN,2252,441,2693,0.8362421091719272
RAYHAAN,331,0,331,1
RAYHAN,939,3,942,0.9968152866242038
RAYMOND,1027,0,1027,1
RAYNE,59,143,202,0.29207920792079206
RAYYAN,2347,93,2440,0.9618852459016394
REAGAN,933,304,1237,0.7542441390460792
REECE,23074,95,23169,0.9958996935560447
REEF,269,0,269,1
REEGAN,765,111,876,0.8732876712328768
REES,400,0,400,1
REESE,334,380,714,0.4677871148459384
REGAN,3136,725,3861,0.8122248122248122
REGGIE,3721,0,3721,1
REGINALD,552,0,552,1
REHAAN,469,0,469,1
REHAN,1305,0,1305,1
REID,495,0,495,1
REILLY,602,33,635,0.9480314960629921
REISS,836,8,844,0.990521327014218
REMI,580,629,1209,0.47973531844499584
REMY,768,318,1086,0.7071823204419889
RENE,196,213,409,0.4792176039119804
REO,230,25,255,0.9019607843137255
REON,327,0,327,1
REUBEN,12417,0,12417,1
REX,1077,0,1077,1
RHIAN,60,1507,1567,0.03828972559029994
RHODRI,657,0,657,1
RHYDIAN,378,0,378,1
RHYS,22425,0,22425,1
RIAN,1047,56,1103,0.9492293744333635
RIAZ,271,0,271,1
RICARDO,917,0,917,1
RICCARDO,230,0,230,1
RICHARD,7330,0,7330,1
RICHIE,507,0,507,1
RICKY,1421,0,1421,1
RICO,864,0,864,1
RIDA,21,469,490,0.04285714285714286
RIDWAN,598,0,598,1
RILEY,29084,729,29813,0.9755475799148022
RILEY-JAMES,241,0,241,1
RILEY-JAY,205,0,205,1
RIO,4203,610,4813,0.8732599210471639
RISHI,978,0,978,1
RITCHIE,203,0,203,1
RIVER,770,527,1297,0.5936777178103315
RIYAD,247,0,247,1
RIYAN,198,120,318,0.6226415094339622
RIZWAN,476,0,476,1
ROAN,568,4,572,0.993006993006993
ROBBIE,4281,4,4285,0.9990665110851809
ROBERT,23384,0,23384,1
ROBERTO,468,0,468,1
ROBIN,2797,412,3209,0.8716110937986912
ROBSON,508,0,508,1
ROBYN,26,8262,8288,0.003137065637065637
ROCCO,3161,0,3161,1
ROCKY,479,0,479,1
RODRIGO,385,0,385,1
ROGAN,233,0,233,1
ROGER,251,0,251,1
ROHAAN,235,0,235,1
ROHAN,4656,20,4676,0.9957228400342173
ROHIT,345,0,345,1
ROLAND,274,0,274,1
ROMA,16,464,480,0.03333333333333333
ROMAN,4594,0,4594,1
ROMARIO,321,0,321,1
ROME,218,0,218,1
ROMEO,1418,0,1418,1
ROMY,15,743,758,0.01978891820580475
RONALD,574,0,574,1
RONALDO,227,0,227,1
RONAN,2271,0,2271,1
RONI,179,139,318,0.5628930817610063
RONNI,19,228,247,0.07692307692307693
RONNIE,6721,551,7272,0.9242299229922992
RONNY,437,12,449,0.9732739420935412
RORY,9829,12,9841,0.9987806117264506
ROSCOE,202,0,202,1
ROSHAN,648,35,683,0.9487554904831625
ROSS,7495,0,7495,1
ROWAN,6648,1423,8071,0.8236897534382357
ROWEN,143,148,291,0.49140893470790376
ROY,562,0,562,1
RUAIRI,494,0,494,1
RUAN,207,0,207,1
RUARI,295,0,295,1
RUBEN,4249,0,4249,1
RUBY,3,47733,47736,0.00006284565108094519
RUDI,781,61,842,0.9275534441805225
RUDRA,205,3,208,0.9855769230769231
RUDY,1160,14,1174,0.9880749574105622
RUEBEN,665,0,665,1
RUFUS,2308,0,2308,1
RUI,270,17,287,0.9407665505226481
RUPERT,2229,0,2229,1
RUSSELL,981,0,981,1
RYAN,63178,21,63199,0.9996677162613332
RYDER,505,0,505,1
RYLAN,847,0,847,1
RYLEE,1187,167,1354,0.8766617429837519
RYLEIGH,202,192,394,0.5126903553299492
RYLEY,1802,48,1850,0.9740540540540541
RYLIE,376,128,504,0.746031746031746
SAAD,673,0,673,1
SABA,3,776,779,0.0038510911424903724
SABIR,211,0,211,1
SACHA,457,768,1225,0.3730612244897959
SACHIN,664,0,664,1
SAEED,357,0,357,1
SAFA,3,3230,3233,0.0009279307145066501
SAFWAAN,201,0,201,1
SAFWAN,552,0,552,1
SAHIB,463,30,493,0.9391480730223124
SAHIL,1353,0,1353,1
SAI,285,86,371,0.7681940700808625
SAID,342,0,342,1
SAIF,1502,0,1502,1
SAIM,246,0,246,1
SALEH,284,0,284,1
SALIM,298,0,298,1
SALMAN,834,0,834,1
SAM,19095,97,19192,0.9949458107544811
SAMAD,201,0,201,1
SAMAR,120,187,307,0.39087947882736157
SAMEER,1153,0,1153,1
SAMI,2384,27,2411,0.9888013272501037
SAMIR,1190,0,1190,1
SAMMY,620,121,741,0.8367071524966262
SAMSON,974,0,974,1
SAMUAL,535,0,535,1
SAMUEL,95575,0,95575,1
SANA,6,3114,3120,0.0019230769230769232
SANDEEP,164,104,268,0.6119402985074627
SANJAY,305,0,305,1
SANTIAGO,738,0,738,1
SANTINO,465,0,465,1
SAQIB,395,0,395,1
SASCHA,53,187,240,0.22083333333333333
SASHA,258,5575,5833,0.04423109891993828
SAUL,1595,0,1595,1
SAXON,261,41,302,0.8642384105960265
SAYED,498,0,498,1
SCOTT,12058,0,12058,1
SEAMUS,688,0,688,1
SEAN,14183,0,14183,1
SEB,275,0,275,1
SEBASTIAN,18706,0,18706,1
SEBASTIEN,886,0,886,1
SENNEN,98,123,221,0.4434389140271493
SEREN,18,5547,5565,0.003234501347708895
SERGIO,218,0,218,1
SETH,6724,0,6724,1
SHAAN,679,220,899,0.7552836484983315
SHAE,733,297,1030,0.7116504854368932
SHAH,793,183,976,0.8125
SHAHID,222,0,222,1
SHAHZAIB,249,0,249,1
SHAI,278,152,430,0.6465116279069767
SHAKEEL,344,0,344,1
SHALOM,136,241,377,0.36074270557029176
SHANAY,3,282,285,0.010526315789473684
SHANE,6298,13,6311,0.9979401045793059
SHANNON,72,25289,25361,0.0028390047711052404
SHAQUILLE,379,0,379,1
SHAUN,5956,0,5956,1
SHAWN,719,0,719,1
SHAY,4121,255,4376,0.94172760511883
SHAYA,59,149,208,0.28365384615384615
SHAYAAN,462,0,462,1
SHAYAN,795,20,815,0.9754601226993865
SHAYE,291,132,423,0.6879432624113475
SHAYNE,678,25,703,0.9644381223328592
SHEA,1146,122,1268,0.9037854889589906
SHEIKH,651,280,931,0.6992481203007519
SHELBY,23,2524,2547,0.009030231645072634
SHELDON,520,35,555,0.9369369369369369
SHERIDAN,75,162,237,0.31645569620253167
SHILOH,303,308,611,0.4959083469721768
SHIMON,226,0,226,1
SHIV,440,0,440,1
SHIVAM,501,0,501,1
SHOAIB,528,0,528,1
SHOLA,3,304,307,0.009771986970684038
SHUAIB,307,0,307,1
SHYAM,263,0,263,1
SIAN,12,5854,5866,0.002045687009887487
SID,506,0,506,1
SIDDHARTH,269,0,269,1
SIDNEY,2553,220,2773,0.9206635412910206
SILAS,526,0,526,1
SIMEON,823,0,823,1
SIMON,4683,0,4683,1
SIMONE,46,1218,1264,0.03639240506329114
SIMRAN,123,3558,3681,0.03341483292583537
SION,1177,6,1183,0.9949281487743026
SIRAJ,204,0,204,1
SKY,103,2278,2381,0.04325913481730365
SKYE,68,10618,10686,0.006363466217480816
SKYLAR,20,1075,1095,0.0182648401826484
SKYLER,93,484,577,0.1611785095320624
SOHAIB,282,0,282,1
SOHAIL,714,0,714,1
SOL,815,15,830,0.9819277108433735
SOLOMON,2543,0,2543,1
SONNIE,404,0,404,1
SONNY,8387,0,8387,1
SOREN,290,0,290,1
SPENCER,5603,3,5606,0.9994648590795576
SPIKE,428,0,428,1
STACEY,7,2525,2532,0.002764612954186414
STACY,3,272,275,0.01090909090909091
STAN,321,0,321,1
STANISLAW,313,0,313,1
STANLEY,9433,0,9433,1
STAR,6,669,675,0.008888888888888889
STEFAN,2303,0,2303,1
STEFANO,218,0,218,1
STEFFAN,1126,0,1126,1
STEPHAN,300,0,300,1
STEPHEN,8181,0,8181,1
STEVE,346,0,346,1
STEVEN,6451,0,6451,1
STEVIE,409,1198,1607,0.2545115121344119
STEWART,441,0,441,1
STORM,226,663,889,0.2542182227221597
STUART,2300,0,2300,1
SUBHAAN,682,0,682,1
SUBHAN,1129,0,1129,1
SUFYAAN,547,0,547,1
SUFYAN,625,0,625,1
SUHAIB,241,0,241,1
SUHAIL,293,0,293,1
SUHAYB,223,0,223,1
SUKHRAJ,225,10,235,0.9574468085106383
SULAIMAN,992,0,992,1
SULAYMAN,498,0,498,1
SULEIMAN,234,0,234,1
SULEMAN,441,0,441,1
SULLIVAN,447,0,447,1
SULTAN,441,69,510,0.8647058823529412
SUNNY,556,203,759,0.7325428194993412
SURAJ,321,0,321,1
SYDNEY,464,3311,3775,0.12291390728476821
SYED,6182,34,6216,0.9945302445302445
SZYMON,1409,0,1409,1
TADHG,316,0,316,1
TAHA,743,3,746,0.9959785522788204
TAHIR,312,0,312,1
TAHMID,366,0,366,1
TAHSIN,71,137,208,0.34134615384615385
TAI,567,54,621,0.9130434782608695
TAIWO,117,100,217,0.5391705069124424
TALHA,848,0,848,1
TALHAH,218,0,218,1
TALIESIN,216,0,216,1
TAMAR,9,309,318,0.02830188679245283
TANAKA,151,76,227,0.6651982378854625
TANVEER,189,34,223,0.8475336322869955
TANVIR,274,17,291,0.9415807560137457
TARAN,915,65,980,0.9336734693877551
TARIK,256,0,256,1
TARIQ,816,0,816,1
TARUN,275,0,275,1
TARYN,70,579,649,0.10785824345146379
TATE,1172,181,1353,0.8662232076866223
TATUM,16,216,232,0.06896551724137931
TAYE,195,18,213,0.9154929577464789
TAYLA,84,2634,2718,0.03090507726269316
TAYLAN,561,0,561,1
TAYLER,407,382,789,0.5158428390367554
TAYLOR,12876,6677,19553,0.6585178744949625
TAYYAB,364,0,364,1
TEAGAN,53,1865,1918,0.027632950990615225
TED,2594,0,2594,1
TEDDIE,677,33,710,0.9535211267605633
TEDDY,5572,42,5614,0.9925187032418953
TEEGAN,35,895,930,0.03763440860215054
TEEJAY,303,0,303,1
TEGAN,97,6285,6382,0.015198997179567533
TEIGAN,17,1572,1589,0.010698552548772814
TEMILOLUWA,114,167,281,0.40569395017793597
TEMITOPE,90,180,270,0.3333333333333333
TEO,346,0,346,1
TERENCE,676,0,676,1
TERRELL,290,0,290,1
TERRY,969,3,972,0.9969135802469136
THEO,17433,0,17433,1
THEODOR,238,0,238,1
THEODORE,8483,0,8483,1
THIERRY,419,11,430,0.9744186046511628
THOMAS,137103,0,137103,1
TIAGO,656,0,656,1
TIAN,156,107,263,0.5931558935361216
TIEGAN,3,1621,1624,0.0018472906403940886
TIERNAN,279,0,279,1
TIERNEY,7,545,552,0.012681159420289856
TIGER,193,118,311,0.6205787781350482
TIM,357,0,357,1
TIMOTHY,5116,0,5116,1
TIMUR,265,0,265,1
TINASHE,178,58,236,0.7542372881355932
TJ,214,0,214,1
TOBEY,324,0,324,1
TOBI,297,12,309,0.9611650485436893
TOBIAS,7826,0,7826,1
TOBY,23394,116,23510,0.9950659293917482
TODD,1476,0,1476,1
TOM,9054,0,9054,1
TOMAS,3358,0,3358,1
TOMASZ,657,0,657,1
TOMMIE,469,0,469,1
TOMMY,11331,3,11334,0.9997353096876654
TOMMY-LEE,592,0,592,1
TOMOS,2281,0,2281,1
TONI,25,2521,2546,0.009819324430479183
TONY,1956,0,1956,1
TORIN,494,3,497,0.993963782696177
TRAVIS,4222,0,4222,1
TRE,272,0,272,1
TRENT,343,0,343,1
TREVOR,379,0,379,1
TREY,740,0,740,1
TRINITY,7,2246,2253,0.0031069684864624943
TRISTAN,6913,0,6913,1
TRISTEN,282,0,282,1
TROY,3191,3,3194,0.9990607388854101
TRYSTAN,526,0,526,1
TY,1125,7,1132,0.9938162544169611
TYE,662,9,671,0.9865871833084948
TYLA,395,594,989,0.3993933265925177
TYLER,38021,1726,39747,0.956575339019297
TYLER-JAMES,589,0,589,1
TYLER-JAY,291,0,291,1
TYLOR,314,0,314,1
TYMON,376,0,376,1
TYMOTEUSZ,288,0,288,1
TYREECE,676,0,676,1
TYREESE,261,0,261,1
TYRELL,1013,0,1013,1
TYRESE,1819,5,1824,0.9972587719298246
TYRON,314,0,314,1
TYRONE,1445,0,1445,1
TYSON,296,0,296,1
UBAID,287,0,287,1
UMAIR,819,0,819,1
UMAR,3309,0,3309,1
UMER,266,0,266,1
USAMAH,206,0,206,1
USMAAN,409,0,409,1
USMAN,1740,0,1740,1
UTHMAN,273,0,273,1
UWAIS,360,0,360,1
UZAIR,1155,0,1155,1
VALENTINE,126,91,217,0.5806451612903226
VALENTINO,440,0,440,1
VARUN,284,0,284,1
VAUGHAN,253,0,253,1
VEER,611,0,611,1
VICTOR,2456,0,2456,1
VIHAAN,336,0,336,1
VIKRAM,211,0,211,1
VIKTOR,365,0,365,1
VINAY,342,0,342,1
VINCENT,4072,0,4072,1
VINCENZO,322,0,322,1
VINNIE,2257,0,2257,1
VINNY,643,0,643,1
VIRAJ,215,0,215,1
VISHAL,330,0,330,1
VIVAAN,265,0,265,1
VIVEK,274,0,274,1
VIVIAN,10,350,360,0.027777777777777776
WADE,582,3,585,0.9948717948717949
WALEED,435,0,435,1
WALID,297,0,297,1
WALTER,631,0,631,1
WAQAS,228,0,228,1
WARREN,2474,0,2474,1
WARWICK,239,0,239,1
WASEEM,227,0,227,1
WASIM,290,0,290,1
WAYNE,859,0,859,1
WESLEY,2002,0,2002,1
WIKTOR,814,0,814,1
WIL,258,0,258,1
WILBUR,294,0,294,1
WILF,336,0,336,1
WILFRED,1855,0,1855,1
WILL,2920,0,2920,1
WILLEM,436,0,436,1
WILLIAM,95869,0,95869,1
WILLOW,30,8202,8232,0.0036443148688046646
WILSON,572,0,572,1
WINSTON,343,0,343,1
WINTER,28,227,255,0.10980392156862745
WOJCIECH,326,0,326,1
WOODY,934,0,934,1
WREN,47,440,487,0.09650924024640657
WYATT,1145,0,1145,1
XANDER,1763,0,1763,1
XAVIER,3526,0,3526,1
XIN,46,267,313,0.14696485623003194
YAHYA,2340,0,2340,1
YANIS,263,0,263,1
YAQUB,582,0,582,1
YASEEN,1073,0,1073,1
YASH,661,0,661,1
YASIN,1193,0,1193,1
YASIR,671,0,671,1
YASSER,258,0,258,1
YASSIN,338,14,352,0.9602272727272727
YEHUDA,365,0,365,1
YI,173,194,367,0.4713896457765668
YISROEL,296,0,296,1
YOSEF,359,0,359,1
YOUCEF,213,0,213,1
YOUNES,248,0,248,1
YOUSAF,380,0,380,1
YOUSEF,775,0,775,1
YOUSIF,370,0,370,1
YOUSSEF,436,0,436,1
YOUSUF,805,0,805,1
YU,260,271,531,0.4896421845574388
YUNUS,812,0,812,1
YUSEF,295,0,295,1
YUSUF,6116,0,6116,1
YUVRAJ,967,0,967,1
ZAC,5445,0,5445,1
ZACH,3570,0,3570,1
ZACHARIA,299,0,299,1
ZACHARIAH,2136,0,2136,1
ZACHARIAS,326,0,326,1
ZACHARY,18803,0,18803,1
ZACHERY,526,0,526,1
ZACK,5381,0,5381,1
ZACKARY,782,0,782,1
ZACKERY,301,0,301,1
ZAHID,305,0,305,1
ZAID,966,0,966,1
ZAIN,5529,6,5535,0.9989159891598915
ZAINE,308,0,308,1
ZAK,8875,0,8875,1
ZAKARIA,1429,0,1429,1
ZAKARIAH,284,0,284,1
ZAKARIYA,2487,0,2487,1
ZAKARIYAH,216,0,216,1
ZAKARIYYA,477,0,477,1
ZAKARY,427,0,427,1
ZAKI,676,0,676,1
ZAKIR,516,0,516,1
ZAKK,354,0,354,1
ZANDER,469,0,469,1
ZANE,1929,0,1929,1
ZAVIER,276,0,276,1
ZAYAAN,402,0,402,1
ZAYAN,833,0,833,1
ZAYD,984,0,984,1
ZAYN,1559,0,1559,1
ZAYNE,361,0,361,1
ZAYYAN,251,0,251,1
ZECHARIAH,202,0,202,1
ZEESHAN,936,0,936,1
ZESHAN,210,0,210,1
ZHI,188,105,293,0.6416382252559727
ZI,212,209,421,0.503562945368171
ZIA,162,275,437,0.3707093821510298
ZIDANE,220,0,220,1
ZIGGY,272,7,279,0.974910394265233
ZION,928,104,1032,0.8992248062015504
ZIYAD,238,0,238,1
ZOHAIB,475,0,475,1
ZUBAIR,468,0,468,1
AAISHA,0,609,609,0
AAISHAH,0,237,237,0
AALIA,0,299,299,0
AALIYA,0,517,517,0
AALIYAH,0,7214,7214,0
AAMINA,0,983,983,0
AAMINAH,0,1516,1516,0
AAMNA,0,394,394,0
AANYA,0,513,513,0
AASIYAH,0,310,310,0
ABBEY,0,2785,2785,0
ABBI,0,1140,1140,0
ABBIE,0,15492,15492,0
ABBIGAIL,0,563,563,0
ABBY,0,4556,4556,0
ABI,0,1525,1525,0
ABIDA,0,429,429,0
ABIGAEL,0,203,203,0
ABIGAIL,0,40352,40352,0
ABIGALE,0,292,292,0
ABIGAYLE,0,282,282,0
ACACIA,0,385,385,0
ADEENA,0,204,204,0
ADELA,0,267,267,0
ADELAIDE,0,665,665,0
ADELE,0,1811,1811,0
ADELINA,0,227,227,0
ADELINE,0,242,242,0
ADELLE,0,233,233,0
ADINA,0,326,326,0
ADITI,0,361,361,0
ADRIANA,0,919,919,0
ADRIANNA,0,427,427,0
ADRIENNE,0,232,232,0
AERYN,0,301,301,0
AFIA,0,259,259,0
AFREEN,0,280,280,0
AFSANA,0,328,328,0
AGATA,0,285,285,0
AGATHA,0,602,602,0
AGNES,0,877,877,0
AHLAM,0,254,254,0
AICHA,0,268,268,0
AIDA,0,336,336,0
AIESHA,0,220,220,0
AILA,0,469,469,0
AILISH,0,322,322,0
AILSA,0,554,554,0
AIMEE,0,14681,14681,0
AIMEE-LEIGH,0,214,214,0
AIMIE,0,307,307,0
AINE,0,624,624,0
AISHA,0,9701,9701,0
AISHAH,0,1435,1435,0
AISLING,0,797,797,0
AIYANA,0,250,250,0
AIYSHA,0,247,247,0
AIZA,0,1232,1232,0
AIZAH,0,848,848,0
ALAINA,0,420,420,0
ALANA,0,4218,4218,0
ALANAH,0,560,560,0
ALANIS,0,327,327,0
ALANNA,0,1312,1312,0
ALANNAH,0,1661,1661,0
ALARA,0,377,377,0
ALARNA,0,298,298,0
ALAW,0,258,258,0
ALAYNA,0,799,799,0
ALBA,0,819,819,0
ALEAH,0,379,379,0
ALECIA,0,238,238,0
ALEEMA,0,207,207,0
ALEENA,0,3428,3428,0
ALEESHA,0,1008,1008,0
ALEEZA,0,1247,1247,0
ALEISHA,0,779,779,0
ALEKSANDRA,0,1226,1226,0
ALENA,0,349,349,0
ALESHA,0,2503,2503,0
ALESSANDRA,0,430,430,0
ALESSIA,0,1021,1021,0
ALETHEA,0,202,202,0
ALEXA,0,3320,3320,0
ALEXANDRA,0,16151,16151,0
ALEXANDRIA,0,1077,1077,0
ALEXIA,0,3227,3227,0
ALEYNA,0,332,332,0
ALIA,0,884,884,0
ALICE,0,33146,33146,0
ALICIA,0,11711,11711,0
ALICJA,0,1259,1259,0
ALIESHA,0,251,251,0
ALIMA,0,314,314,0
ALINA,0,2104,2104,0
ALISA,0,733,733,0
ALISHA,0,13275,13275,0
ALISHBA,0,1232,1232,0
ALISHIA,0,274,274,0
ALISIA,0,300,300,0
ALISON,0,1113,1113,0
ALISSA,0,837,837,0
ALISSIA,0,428,428,0
ALIVIA,0,723,723,0
ALIYA,0,1528,1528,0
ALIYAH,0,3432,3432,0
ALIZA,0,1766,1766,0
ALLANA,0,341,341,0
ALLANAH,0,245,245,0
ALLEGRA,0,602,602,0
ALLIYAH,0,208,208,0
ALMA,0,512,512,0
ALYA,0,228,228,0
ALYCIA,0,266,266,0
ALYS,0,1077,1077,0
ALYSHA,0,1297,1297,0
ALYSIA,0,530,530,0
ALYSSA,0,4700,4700,0
ALYSSIA,0,1040,1040,0
AMALIA,0,587,587,0
AMALIE,0,653,653,0
AMANA,0,252,252,0
AMANDA,0,2074,2074,0
AMARAH,0,367,367,0
AMAYA,0,1818,1818,0
AMAYAH,0,239,239,0
AMBA,0,305,305,0
AMBER,0,26041,26041,0
AMBER-ROSE,0,358,358,0
AMEENA,0,498,498,0
AMEERA,0,1253,1253,0
AMEERAH,0,547,547,0
AMELIA,0,63548,63548,0
AMELIA-GRACE,0,270,270,0
AMELIA-ROSE,0,1185,1185,0
AMELIE,0,12245,12245,0
AMENA,0,212,212,0
AMI,0,792,792,0
AMIE,0,2875,2875,0
AMIEE,0,459,459,0
AMILIA,0,202,202,0
AMINA,0,4613,4613,0
AMINAH,0,2159,2159,0
AMINATA,0,230,230,0
AMIRA,0,3045,3045,0
AMIRAH,0,1810,1810,0
AMISHA,0,232,232,0
AMIYA,0,217,217,0
AMIYAH,0,306,306,0
AMMAARAH,0,405,405,0
AMMARA,0,363,363,0
AMMARAH,0,498,498,0
AMNA,0,1403,1403,0
AMREEN,0,208,208,0
AMRITA,0,615,615,0
AMY,0,50479,50479,0
AMY-LEIGH,0,340,340,0
AMY-LOUISE,0,348,348,0
ANA,0,1813,1813,0
ANABEL,0,432,432,0
ANABELLA,0,228,228,0
ANABELLE,0,716,716,0
ANAIS,0,1819,1819,0
ANAIYA,0,504,504,0
ANANYA,0,464,464,0
ANASTASIA,0,2580,2580,0
ANASTAZJA,0,201,201,0
ANAYA,0,2355,2355,0
ANAYAH,0,697,697,0
ANDREEA,0,226,226,0
ANEEKA,0,287,287,0
ANEEQA,0,239,239,0
ANEESA,0,906,906,0
ANEESAH,0,431,431,0
ANEESHA,0,212,212,0
ANGELA,0,1583,1583,0
ANGELICA,0,1105,1105,0
ANGELIKA,0,229,229,0
ANGELINA,0,1779,1779,0
ANGHARAD,0,882,882,0
ANIA,0,352,352,0
ANIELA,0,236,236,0
ANIKA,0,1492,1492,0
ANIQA,0,316,316,0
ANISA,0,2210,2210,0
ANISAH,0,878,878,0
ANISHA,0,1540,1540,0
ANITA,0,907,907,0
ANIYA,0,326,326,0
ANIYAH,0,411,411,0
ANJA,0,412,412,0
ANJALI,0,886,886,0
ANN,0,695,695,0
ANNA,0,22670,22670,0
ANNABEL,0,8743,8743,0
ANNABELL,0,357,357,0
ANNABELLA,0,1367,1367,0
ANNABELLE,0,9879,9879,0
ANNALIESE,0,411,411,0
ANNALISE,0,1849,1849,0
ANNE,0,852,852,0
ANNELIESE,0,298,298,0
ANNELISE,0,242,242,0
ANNE-MARIE,0,324,324,0
ANNIE,0,7330,7330,0
ANNIKA,0,621,621,0
ANNIYAH,0,267,267,0
ANN-MARIE,0,262,262,0
ANOUK,0,234,234,0
ANOUSHKA,0,643,643,0
ANTONIA,0,2963,2963,0
ANTONINA,0,410,410,0
ANUM,0,453,453,0
ANUSHA,0,296,296,0
ANUSHKA,0,527,527,0
ANWEN,0,524,524,0
ANYA,0,6461,6461,0
AOIFE,0,3136,3136,0
APRIL,0,3493,3493,0
AQSA,0,1360,1360,0
ARABELLA,0,3300,3300,0
AREEBA,0,489,489,0
AREEJ,0,211,211,0
AREESHA,0,228,228,0
ARIANA,0,2328,2328,0
ARIANE,0,265,265,0
ARIANNA,0,1333,1333,0
ARIANNE,0,363,363,0
ARIELLA,0,647,647,0
ARIELLE,0,292,292,0
ARISHA,0,378,378,0
ARISSA,0,401,401,0
AROOJ,0,385,385,0
AROUSH,0,356,356,0
ARWA,0,384,384,0
ARWEN,0,625,625,0
ASHLYN,0,359,359,0
ASIA,0,841,841,0
ASIYA,0,733,733,0
ASIYAH,0,293,293,0
ASMA,0,1007,1007,0
ASMAA,0,437,437,0
ASTRID,0,786,786,0
ASYA,0,278,278,0
ATHENA,0,1168,1168,0
ATIYA,0,262,262,0
ATLANTA,0,623,623,0
AUBREE,0,252,252,0
AUDREY,0,983,983,0
AURELIA,0,1053,1053,0
AURORA,0,1659,1659,0
AUTUMN,0,2846,2846,0
AVA,0,30523,30523,0
AVA-GRACE,0,401,401,0
AVA-MAE,0,469,469,0
AVANI,0,440,440,0
AVA-ROSE,0,702,702,0
AVNI,0,299,299,0
AYA,0,1135,1135,0
AYAH,0,800,800,0
AYANA,0,600,600,0
AYANNA,0,247,247,0
AYDA,0,328,328,0
AYESHA,0,4755,4755,0
AYISHA,0,332,332,0
AYLA,0,2401,2401,0
AYLIN,0,229,229,0
AYRA,0,325,325,0
AYSE,0,500,500,0
AYSHA,0,1929,1929,0
AYVA,0,314,314,0
AZARIA,0,243,243,0
AZRA,0,362,362,0
BARBARA,0,423,423,0
BEA,0,245,245,0
BEATRICE,0,6469,6469,0
BEATRIX,0,1655,1655,0
BEATRIZ,0,436,436,0
BECA,0,290,290,0
BECKY,0,970,970,0
BELINDA,0,327,327,0
BELLA,0,6791,6791,0
BELLA-ROSE,0,450,450,0
BELLE,0,1328,1328,0
BERFIN,0,229,229,0
BERNADETTE,0,349,349,0
BERNICE,0,231,231,0
BESSIE,0,259,259,0
BETH,0,6149,6149,0
BETHAN,0,7576,7576,0
BETHANIE,0,944,944,0
BETHANY,0,40768,40768,0
BETSY,0,2383,2383,0
BETTY,0,974,974,0
BEVERLEY,0,284,284,0
BIANCA,0,1186,1186,0
BIANKA,0,255,255,0
BIBI,0,614,614,0
BILLIE-JO,0,670,670,0
BISMA,0,297,297,0
BISMAH,0,249,249,0
BLANKA,0,297,297,0
BLOSSOM,0,737,737,0
BLUEBELL,0,262,262,0
BONITA,0,240,240,0
BONNIE,0,3350,3350,0
BREANNA,0,472,472,0
BREE,0,278,278,0
BRIANA,0,310,310,0
BRIANNA,0,1496,1496,0
BRIDGET,0,1052,1052,0
BRIDIE,0,815,815,0
BRIONY,0,1050,1050,0
BRITNEY,0,999,999,0
BRITTANY,0,1724,1724,0
BRONTE,0,871,871,0
BRONWEN,0,576,576,0
BRONWYN,0,920,920,0
BRYONY,0,2907,2907,0
BUSHRA,0,728,728,0
CADENCE,0,373,373,0
CADI,0,505,505,0
CAITLAN,0,656,656,0
CAITLIN,0,27961,27961,0
CAITLYN,0,4814,4814,0
CALISTA,0,239,239,0
CALLIE,0,1494,1494,0
CAMILLA,0,1041,1041,0
CANDICE,0,684,684,0
CAOIMHE,0,719,719,0
CAPRICE,0,462,462,0
CARA,0,5112,5112,0
CARI,0,389,389,0
CARINA,0,398,398,0
CARIS,0,290,290,0
CARLA,0,2642,2642,0
CARLEY,0,367,367,0
CARLIE,0,343,343,0
CARLY,0,2352,2352,0
CARMEL,0,331,331,0
CARMEN,0,1815,1815,0
CAROLINA,0,447,447,0
CAROLINE,0,1805,1805,0
CARRIE,0,848,848,0
CARYS,0,4513,4513,0
CASEY-LEIGH,0,211,211,0
CASSANDRA,0,879,879,0
CASSIA,0,393,393,0
CASSIE,0,1672,1672,0
CATALINA,0,251,251,0
CATHERINE,0,7429,7429,0
CATRIN,0,1444,1444,0
CATRIONA,0,676,676,0
CAYLA,0,242,242,0
CECILIA,0,1008,1008,0
CECILY,0,726,726,0
CELESTE,0,653,653,0
CELIA,0,620,620,0
CELINA,0,265,265,0
CELINE,0,861,861,0
CERYS,0,6981,6981,0
CHANA,0,293,293,0
CHANEL,0,1650,1650,0
CHANELLE,0,1389,1389,0
CHANICE,0,227,227,0
CHANTAL,0,334,334,0
CHANTE,0,288,288,0
CHANTEL,0,662,662,0
CHANTELLE,0,4622,4622,0
CHARDONNAY,0,493,493,0
CHARIS,0,870,870,0
CHARLEIGH,0,604,604,0
CHARLENE,0,645,645,0
CHARLIZE,0,282,282,0
CHARLOTTE,0,71853,71853,0
CHARMAINE,0,652,652,0
CHAYA,0,636,636,0
CHELSEA,0,12593,12593,0
CHELSEY,0,1692,1692,0
CHELSIE,0,1172,1172,0
CHELSY,0,217,217,0
CHERIE,0,257,257,0
CHERISE,0,277,277,0
CHERISH,0,258,258,0
CHERRY,0,585,585,0
CHERYL,0,341,341,0
CHEYANNE,0,365,365,0
CHIARA,0,1078,1078,0
CHIOMA,0,201,201,0
CHLOE,0,100980,100980,0
CHLOE-LOUISE,0,279,279,0
CHRISTABEL,0,320,320,0
CHRISTIANA,0,443,443,0
CHRISTINA,0,2681,2681,0
CHRISTINE,0,1054,1054,0
CHYNA,0,383,383,0
CIARA,0,5134,5134,0
CICELY,0,309,309,0
CIENNA,0,323,323,0
CIERA,0,207,207,0
CINDY,0,400,400,0
CLAIRE,0,2799,2799,0
CLARA,0,4252,4252,0
CLARE,0,1062,1062,0
CLARICE,0,314,314,0
CLARISSA,0,660,660,0
CLAUDIA,0,4644,4644,0
CLEMENTINE,0,1168,1168,0
CLEO,0,1607,1607,0
CLODAGH,0,294,294,0
CLOE,0,415,415,0
COCO,0,869,869,0
COLETTE,0,411,411,0
COLLEEN,0,226,226,0
CONNIE,0,5394,5394,0
CONSTANCE,0,2822,2822,0
CORA,0,1646,1646,0
CORAL,0,1015,1015,0
CORALIE,0,210,210,0
CORDELIA,0,759,759,0
CORINNE,0,337,337,0
COURTENEY,0,803,803,0
CRISTINA,0,356,356,0
CRYSTAL,0,2844,2844,0
CYDNEY,0,463,463,0
CYNTHIA,0,262,262,0
DAHLIA,0,257,257,0
DAISIE,0,751,751,0
DAISY,0,33890,33890,0
DAISY-MAE,0,655,655,0
DAISY-MAI,0,237,237,0
DAISY-MAY,0,626,626,0
DALIA,0,366,366,0
DANIA,0,388,388,0
DANICA,0,338,338,0
DANIELA,0,1075,1075,0
DANIELLA,0,3664,3664,0
DANIELLE,0,13135,13135,0
DANIKA,0,363,363,0
DANNIELLA,0,289,289,0
DANNIELLE,0,498,498,0
DANYA,0,219,219,0
DAPHNE,0,514,514,0
DARCI,0,737,737,0
DARCIE,0,5113,5113,0
DARIA,0,763,763,0
DAVINA,0,1054,1054,0
DAWN,0,317,317,0
DAYNA,0,569,569,0
DEANNA,0,1226,1226,0
DEBBIE,0,274,274,0
DEBORAH,0,1701,1701,0
DEENA,0,208,208,0
DELIA,0,204,204,0
DELILAH,0,1749,1749,0
DELLA,0,211,211,0
DELPHINE,0,202,202,0
DEMI,0,8172,8172,0
DEMI-LEA,0,223,223,0
DEMI-LEE,0,411,411,0
DEMI-LEIGH,0,1402,1402,0
DENISA,0,274,274,0
DENISE,0,383,383,0
DESIREE,0,204,204,0
DIANA,0,1747,1747,0
DIANE,0,208,208,0
DILARA,0,329,329,0
DINA,0,574,574,0
DIONNE,0,732,732,0
DIXIE,0,311,311,0
DOLCIE,0,482,482,0
DOLLY,0,932,932,0
DOMINIKA,0,461,461,0
DONNA,0,404,404,0
DORA,0,357,357,0
DOROTHY,0,903,903,0
DOTTIE,0,204,204,0
DUA,0,373,373,0
DUAA,0,225,225,0
DULCIE,0,851,851,0
EADIE,0,479,479,0
EBONI,0,265,265,0
EBONIE,0,426,426,0
EBONY,0,6293,6293,0
EDIE,0,2560,2560,0
EDITH,0,2923,2923,0
EESHA,0,495,495,0
EFA,0,390,390,0
EFFIE,0,680,680,0
EILEEN,0,379,379,0
EILIDH,0,498,498,0
EILISH,0,238,238,0
EILIYAH,0,323,323,0
EIRA,0,395,395,0
EISHA,0,203,203,0
ELA,0,1343,1343,0
ELAINA,0,368,368,0
ELAINE,0,352,352,0
ELANA,0,493,493,0
ELANOR,0,245,245,0
ELEANOR,0,32409,32409,0
ELEN,0,578,578,0
ELENA,0,4997,4997,0
ELENI,0,752,752,0
ELERI,0,696,696,0
ELIANA,0,1426,1426,0
ELICIA,0,592,592,0
ELIF,0,734,734,0
ELIN,0,1633,1633,0
ELINA,0,553,553,0
ELINOR,0,1293,1293,0
ELISA,0,1386,1386,0
ELISABETH,0,1417,1417,0
ELISE,0,7767,7767,0
ELISIA,0,308,308,0
ELISSA,0,1279,1279,0
ELISSIA,0,239,239,0
ELIZ,0,205,205,0
ELIZA,0,9490,9490,0
ELIZABETH,0,30763,30763,0
ELLA,0,51887,51887,0
ELLA-GRACE,0,264,264,0
ELLA-LOUISE,0,947,947,0
ELLA-MAE,0,803,803,0
ELLA-MAI,0,331,331,0
ELLA-MAY,0,555,555,0
ELLA-ROSE,0,1214,1214,0
ELLE,0,4946,4946,0
ELLEN,0,8147,8147,0
ELLENA,0,1313,1313,0
ELLENOR,0,266,266,0
ELLESSE,0,329,329,0
ELLI,0,431,431,0
ELLICE,0,203,203,0
ELLIE,0,56310,56310,0
ELLIE-LOUISE,0,455,455,0
ELLIE-MAE,0,2564,2564,0
ELLIE-MAI,0,1112,1112,0
ELLIE-MARIE,0,224,224,0
ELLIEMAY,0,212,212,0
ELLIE-MAY,0,2565,2565,0
ELLIE-ROSE,0,530,530,0
ELLISE,0,597,597,0
ELLISHA,0,328,328,0
ELLOISE,0,201,201,0
ELLOUISE,0,457,457,0
ELLY,0,534,534,0
ELODIE,0,2217,2217,0
ELOISA,0,309,309,0
ELOISE,0,10135,10135,0
ELORA,0,273,273,0
ELOUISE,0,910,910,0
ELSA,0,2874,2874,0
ELSIE,0,7994,7994,0
ELSIE-MAE,0,284,284,0
ELSIE-MAY,0,237,237,0
ELSPETH,0,853,853,0
ELYSE,0,613,613,0
ELYSIA,0,1159,1159,0
ELYSSA,0,288,288,0
EMA,0,477,477,0
EMAN,0,360,360,0
EMELIA,0,2739,2739,0
EMELIE,0,205,205,0
EMI,0,246,246,0
EMILEE,0,427,427,0
EMILIA,0,10748,10748,0
EMILIE,0,2775,2775,0
EMILIJA,0,555,555,0
EMILLIE,0,307,307,0
EMILY,0,102250,102250,0
EMILY-JANE,0,282,282,0
EMILY-ROSE,0,577,577,0
EMMA,0,43026,43026,0
EMMA-LOUISE,0,358,358,0
EMMANUELLA,0,606,606,0
EMME,0,385,385,0
EMMELINE,0,730,730,0
EMMI,0,285,285,0
EMMIE,0,2164,2164,0
EMMY,0,1019,1019,0
ENYA,0,997,997,0
ERICA,0,2142,2142,0
ERIKA,0,1213,1213,0
ERYN,0,1073,1073,0
ESHA,0,1287,1287,0
ESHAAL,0,484,484,0
ESHAL,0,720,720,0
ESMA,0,217,217,0
ESMAE,0,1682,1682,0
ESMAI,0,337,337,0
ESMAY,0,343,343,0
ESME,0,10568,10568,0
ESMEE,0,1618,1618,0
ESRA,0,251,251,0
ESTELLA,0,273,273,0
ESTELLE,0,978,978,0
ESTER,0,202,202,0
ESTHER,0,5825,5825,0
ETTA,0,386,386,0
EUNICE,0,277,277,0
EVA,0,18709,18709,0
EVALYN,0,406,406,0
EVANGELINE,0,2145,2145,0
EVA-ROSE,0,215,215,0
EVE,0,12744,12744,0
EVELINA,0,410,410,0
EVELYN,0,11221,11221,0
EVIE,0,36589,36589,0
EVIE-GRACE,0,298,298,0
EVIE-MAE,0,680,680,0
EVIE-MAI,0,315,315,0
EVIE-MAY,0,335,335,0
EVIE-ROSE,0,541,541,0
FAATIMAH,0,374,374,0
FAE,0,211,211,0
FAHIMA,0,536,536,0
FAHMIDA,0,422,422,0
FAIZA,0,1042,1042,0
FAIZAH,0,492,492,0
FARHANA,0,408,408,0
FARIHA,0,400,400,0
FARRAH,0,1005,1005,0
FARZANA,0,388,388,0
FATEMA,0,395,395,0
FATHIMA,0,541,541,0
FATIMA,0,6667,6667,0
FATIMAH,0,1796,1796,0
FATMA,0,648,648,0
FAY,0,995,995,0
FAYE,0,7549,7549,0
FEARNE,0,819,819,0
FELICIA,0,354,354,0
FELICITY,0,4460,4460,0
FENELLA,0,344,344,0
FERN,0,1882,1882,0
FERNE,0,223,223,0
FFION,0,5026,5026,0
FIONA,0,2605,2605,0
FIZA,0,725,725,0
FLEUR,0,1817,1817,0
FLORA,0,1912,1912,0
FLORENCE,0,14772,14772,0
FLORRIE,0,320,320,0
FRANCES,0,2437,2437,0
FRANCESCA,0,14243,14243,0
FRANCHESCA,0,218,218,0
FRAYA,0,336,336,0
FREJA,0,510,510,0
FREYA,0,31933,31933,0
FREYJA,0,743,743,0
FRIDA,0,305,305,0
GABIJA,0,342,342,0
GABRIELA,0,1936,1936,0
GABRIELLA,0,7736,7736,0
GABRIELLE,0,6408,6408,0
GAIA,0,406,406,0
GEMMA,0,8189,8189,0
GENEVIEVE,0,1629,1629,0
GEORGIA,0,43171,43171,0
GEORGIANA,0,589,589,0
GEORGINA,0,13918,13918,0
GERALDINE,0,201,201,0
GIANNA,0,274,274,0
GILLIAN,0,224,224,0
GINA,0,639,639,0
GIORGIA,0,429,429,0
GIOVANNA,0,262,262,0
GISELLE,0,490,490,0
GIULIA,0,468,468,0
GLORIA,0,714,714,0
GRACEY,0,244,244,0
GRACIE,0,12505,12505,0
GRACIE-LEIGH,0,235,235,0
GRACIE-MAE,0,804,804,0
GRACIE-MAI,0,347,347,0
GRACIE-MAY,0,544,544,0
GRETA,0,830,830,0
GURLEEN,0,357,357,0
GWEN,0,664,664,0
GWENLLIAN,0,346,346,0
HABIBA,0,717,717,0
HABIBAH,0,326,326,0
HADASSAH,0,206,206,0
HADIA,0,314,314,0
HADIYA,0,342,342,0
HADIYAH,0,257,257,0
HAFIZA,0,224,224,0
HAFSA,0,2950,2950,0
HAFSAH,0,2031,2031,0
HAILEY,0,379,379,0
HAJAR,0,265,265,0
HAJRA,0,693,693,0
HAJRAH,0,478,478,0
HALA,0,205,205,0
HALEEMA,0,1787,1787,0
HALEEMAH,0,480,480,0
HALIMA,0,2325,2325,0
HALIMAH,0,596,596,0
HALLE,0,1988,1988,0
HALLIE,0,1744,1744,0
HAMDA,0,243,243,0
HAMNA,0,235,235,0
HAMNAH,0,238,238,0
HANA,0,2858,2858,0
HANAA,0,234,234,0
HANIA,0,351,351,0
HANIFA,0,419,419,0
HANIYA,0,633,633,0
HANNA,0,3215,3215,0
HANNAH,0,61214,61214,0
HARLEEN,0,655,655,0
HARMONY,0,1585,1585,0
HARRIET,0,16601,16601,0
HARRIETT,0,823,823,0
HARRIETTE,0,397,397,0
HASNA,0,216,216,0
HATTIE,0,1314,1314,0
HAVANA,0,206,206,0
HAWA,0,494,494,0
HAWWA,0,319,319,0
HAYA,0,271,271,0
HAYLEIGH,0,360,360,0
HAYLEY,0,5273,5273,0
HAZEL,0,2497,2497,0
HEATHER,0,5135,5135,0
HEBA,0,260,260,0
HEBE,0,393,393,0
HEENA,0,233,233,0
HEIDI,0,7572,7572,0
HELEN,0,2903,2903,0
HELENA,0,3682,3682,0
HELIN,0,297,297,0
HENNA,0,849,849,0
HENRIETTA,0,1169,1169,0
HERMIONE,0,1782,1782,0
HESTER,0,341,341,0
HETTIE,0,455,455,0
HETTY,0,329,329,0
HIBA,0,938,938,0
HIBAH,0,545,545,0
HIBBA,0,356,356,0
HINA,0,300,300,0
HIRA,0,443,443,0
HOLLI,0,337,337,0
HOLLIE,0,15459,15459,0
HOLLY,0,46059,46059,0
HONEY,0,3178,3178,0
HONOR,0,1570,1570,0
HUDA,0,696,696,0
HUMA,0,273,273,0
HUMAIRA,0,1270,1270,0
HUMAIRAA,0,311,311,0
HUMAYRA,0,512,512,0
HUMERA,0,282,282,0
HUSNA,0,761,761,0
IDA,0,681,681,0
IFRAH,0,303,303,0
IGA,0,232,232,0
IKRA,0,507,507,0
ILANA,0,305,305,0
ILAYDA,0,248,248,0
ILONA,0,204,204,0
IMOGEN,0,24645,24645,0
INAAYA,0,1720,1720,0
INAAYAH,0,224,224,0
INARA,0,220,220,0
INAYA,0,1356,1356,0
INAYAH,0,1423,1423,0
INDIA,0,6498,6498,0
INDIANNA,0,232,232,0
INES,0,1049,1049,0
INEZ,0,221,221,0
INGRID,0,363,363,0
IOLA,0,215,215,0
IONA,0,2774,2774,0
IQRA,0,3344,3344,0
IQRAH,0,203,203,0
IRAM,0,543,543,0
IRENE,0,333,333,0
IRIS,0,4100,4100,0
ISABEL,0,17491,17491,0
ISABELA,0,300,300,0
ISABELL,0,518,518,0
ISABELLA,0,39207,39207,0
ISABELLA-ROSE,0,228,228,0
ISABELLE,0,33387,33387,0
ISADORA,0,343,343,0
ISHA,0,1835,1835,0
ISHANI,0,204,204,0
ISHIKA,0,211,211,0
ISIS,0,573,573,0
ISLA,0,26532,26532,0
ISLA-MAE,0,203,203,0
ISLA-ROSE,0,537,537,0
ISMA,0,335,335,0
ISOBEL,0,16914,16914,0
ISOBELLA,0,1017,1017,0
ISOBELLE,0,2207,2207,0
ISRA,0,946,946,0
ISRAA,0,219,219,0
IVANA,0,288,288,0
IVY,0,5154,5154,0
IVY-ROSE,0,202,202,0
IYLA,0,751,751,0
IZABEL,0,422,422,0
IZABELA,0,430,430,0
IZABELLA,0,1592,1592,0
IZABELLE,0,750,750,0
IZZIE,0,236,236,0
JACQUELINE,0,701,701,0
JADA,0,1388,1388,0
JAGODA,0,242,242,0
JAIDA,0,327,327,0
JAMELIA,0,222,222,0
JAMILA,0,544,544,0
JANA,0,604,604,0
JANAE,0,221,221,0
JANE,0,994,994,0
JANELLE,0,467,467,0
JANET,0,298,298,0
JANICE,0,226,226,0
JANNAH,0,563,563,0
JANNAT,0,860,860,0
JASLEEN,0,551,551,0
JASMIN,0,4268,4268,0
JASMINA,0,260,260,0
JASMINE,0,29104,29104,0
JASMYN,0,301,301,0
JAVERIA,0,239,239,0
JAYDA,0,614,614,0
JAYDE,0,398,398,0
JAYNE,0,316,316,0
JAZMIN,0,1542,1542,0
JAZMINE,0,1275,1275,0
JAZMYN,0,248,248,0
JEMIMA,0,5116,5116,0
JEMIMAH,0,592,592,0
JEMMA,0,3141,3141,0
JENA,0,252,252,0
JENNA,0,4241,4241,0
JENNAH,0,232,232,0
JENNIE,0,254,254,0
JENNIFER,0,10417,10417,0
JENNY,0,1303,1303,0
JESSICA,0,93032,93032,0
JESSIKA,0,231,231,0
JIYA,0,601,601,0
JOANA,0,229,229,0
JOANNA,0,3246,3246,0
JOANNE,0,1496,1496,0
JODIE,0,9218,9218,0
JOELLE,0,260,260,0
JOELY,0,410,410,0
JOHANNA,0,493,493,0
JOLENE,0,249,249,0
JOLIE,0,572,572,0
JORDANNA,0,221,221,0
JORJA,0,1916,1916,0
JOSEPHINE,0,4243,4243,0
JOSIE,0,3742,3742,0
JOYCE,0,601,601,0
JUDITH,0,322,322,0
JULIA,0,8262,8262,0
JULIANA,0,387,387,0
JULIE,0,655,655,0
JULIET,0,1206,1206,0
JULIETTE,0,1353,1353,0
JUSTINE,0,448,448,0
KADIE,0,967,967,0
KADY,0,437,437,0
KAILA,0,351,351,0
KAIRA,0,351,351,0
KAISHA,0,246,246,0
KAITLAN,0,234,234,0
KAITLIN,0,2870,2870,0
KAITLYN,0,4648,4648,0
KAJA,0,391,391,0
KALI,0,323,323,0
KALLIE,0,304,304,0
KAMILA,0,395,395,0
KAMILE,0,354,354,0
KARA,0,3305,3305,0
KAREENA,0,434,434,0
KAREN,0,761,761,0
KARINA,0,1352,1352,0
KARISHMA,0,350,350,0
KARLA,0,752,752,0
KAROLINA,0,837,837,0
KASIA,0,207,207,0
KATARINA,0,395,395,0
KATE,0,9756,9756,0
KATELIN,0,419,419,0
KATELYN,0,2947,2947,0
KATELYNN,0,255,255,0
KATERINA,0,635,635,0
KATEY,0,203,203,0
KATHARINE,0,1095,1095,0
KATHERINE,0,10466,10466,0
KATHLEEN,0,1616,1616,0
KATHRYN,0,4587,4587,0
KATIE,0,51317,51317,0
KATIE-LOUISE,0,289,289,0
KATLYN,0,214,214,0
KATRINA,0,2059,2059,0
KATY,0,4896,4896,0
KATYA,0,316,316,0
KAYCIE,0,290,290,0
KAYDEE,0,380,380,0
KAYLA,0,5244,5244,0
KAYLAH,0,262,262,0
KAYLEE,0,1019,1019,0
KAYLEIGH,0,10402,10402,0
KAYLEY,0,1228,1228,0
KAYLIE,0,215,215,0
KAYSHA,0,244,244,0
KEAVY,0,254,254,0
KEELEIGH,0,251,251,0
KEELIE,0,218,218,0
KEELY,0,1080,1080,0
KEEVA,0,272,272,0
KEIRA,0,12711,12711,0
KEISHA,0,1166,1166,0
KELIS,0,420,420,0
KELLIE,0,322,322,0
KELSEA,0,379,379,0
KELSI,0,321,321,0
KELSIE,0,1711,1711,0
KENDRA,0,613,613,0
KENYA,0,306,306,0
KENZA,0,253,253,0
KEREN,0,296,296,0
KERI,0,252,252,0
KERRI,0,431,431,0
KERRIE,0,375,375,0
KERRIS,0,203,203,0
KERYS,0,271,271,0
KEYA,0,284,284,0
KEZIA,0,871,871,0
KHADEEJA,0,425,425,0
KHADEEJAH,0,428,428,0
KHADIJA,0,3266,3266,0
KHADIJAH,0,2766,2766,0
KHALEESI,0,201,201,0
KHLOE,0,820,820,0
KHUSHI,0,528,528,0
KIANA,0,780,780,0
KIANNA,0,465,465,0
KIARA,0,1986,1986,0
KIERA,0,6609,6609,0
KIKI,0,442,442,0
KIMBERLEY,0,4909,4909,0
KIMBERLY,0,1171,1171,0
KINGA,0,301,301,0
KIRA,0,4123,4123,0
KIRANDEEP,0,213,213,0
KIRSTEN,0,2179,2179,0
KIRSTIE,0,830,830,0
KIRSTIN,0,244,244,0
KIRSTY,0,6326,6326,0
KITTY,0,3051,3051,0
KIZZY,0,283,283,0
KLARA,0,582,582,0
KLAUDIA,0,656,656,0
KLOE,0,321,321,0
KOMAL,0,308,308,0
KORNELIA,0,406,406,0
KRISHA,0,335,335,0
KRISTA,0,204,204,0
KRISTINA,0,927,927,0
KRISTY,0,252,252,0
KRYSTAL,0,1083,1083,0
KYLA,0,2307,2307,0
KYLAH,0,238,238,0
KYLIE,0,863,863,0
KYRA,0,3412,3412,0
KYRAH,0,252,252,0
LAAIBAH,0,465,465,0
LACEY,0,11186,11186,0
LACEY-MAE,0,610,610,0
LACEY-MAI,0,303,303,0
LACEY-MAY,0,425,425,0
LACI,0,217,217,0
LACIE,0,2089,2089,0
LACY,0,338,338,0
LAIBA,0,2004,2004,0
LAIBAH,0,312,312,0
LAILA,0,5253,5253,0
LAILAH,0,267,267,0
LAINEY,0,469,469,0
LANA,0,3238,3238,0
LANEY,0,284,284,0
LARA,0,8869,8869,0
LARAIB,0,296,296,0
LARISSA,0,984,984,0
LARNA,0,242,242,0
LATISHA,0,505,505,0
LAURA,0,20925,20925,0
LAUREL,0,377,377,0
LAURYN,0,1554,1554,0
LAVINIA,0,506,506,0
LAYAN,0,205,205,0
LAYLA,0,15396,15396,0
LAYLAH,0,317,317,0
LAYLA-MAE,0,225,225,0
LAYLA-ROSE,0,339,339,0
LEAH,0,29688,29688,0
LEANNA,0,537,537,0
LEANNE,0,3209,3209,0
LEELA,0,576,576,0
LEENA,0,720,720,0
LEIA,0,1396,1396,0
LEIGHA,0,580,580,0
LEILA,0,4885,4885,0
LEILAH,0,282,282,0
LEILANI,0,508,508,0
LENA,0,3195,3195,0
LEONA,0,1865,1865,0
LEONI,0,923,923,0
LEONIE,0,2134,2134,0
LEONORA,0,206,206,0
LETICIA,0,349,349,0
LETITIA,0,380,380,0
LEXIE,0,6396,6396,0
LEXI-MAE,0,382,382,0
LEXI-MAI,0,295,295,0
LEXI-MAY,0,217,217,0
LEXY,0,218,218,0
LEYA,0,275,275,0
LEYLA,0,1798,1798,0
LIA,0,1841,1841,0
LIANA,0,799,799,0
LIANNA,0,230,230,0
LIANNE,0,226,226,0
LIBBI,0,342,342,0
LIBBIE,0,867,867,0
LIBBY,0,12953,12953,0
LIDIA,0,381,381,0
LILA,0,2027,2027,0
LILAH,0,1089,1089,0
LILI,0,1528,1528,0
LILIA,0,2062,2062,0
LILIAN,0,1236,1236,0
LILIANA,0,1937,1937,0
LILIANNA,0,355,355,0
LILITH,0,306,306,0
LILLI,0,1054,1054,0
LILLIA,0,694,694,0
LILLIAN,0,1860,1860,0
LILLIANA,0,250,250,0
LILLIE,0,5330,5330,0
LILLIE-MAE,0,795,795,0
LILLIE-MAI,0,269,269,0
LILLIE-MAY,0,285,285,0
LILLIE-ROSE,0,340,340,0
LILLY,0,15892,15892,0
LILLY-ANN,0,285,285,0
LILLY-ANNE,0,248,248,0
LILLY-GRACE,0,220,220,0
LILLY-MAE,0,1295,1295,0
LILLY-MAI,0,522,522,0
LILLY-MAY,0,1466,1466,0
LILLY-ROSE,0,992,992,0
LILY-ANN,0,434,434,0
LILY-ANNE,0,324,324,0
LILY-GRACE,0,463,463,0
LILY-MAE,0,2249,2249,0
LILY-MAI,0,691,691,0
LILY-MAY,0,1735,1735,0
LILY-ROSE,0,1961,1961,0
LINA,0,1059,1059,0
LINDA,0,561,561,0
LINDSAY,0,285,285,0
LINDSEY,0,413,413,0
LISA,0,3123,3123,0
LISA-MARIE,0,228,228,0
LIV,0,255,255,0
LIVIA,0,1277,1277,0
LIVVY,0,246,246,0
LIYA,0,340,340,0
LIYANA,0,714,714,0
LIZA,0,307,307,0
LIZZIE,0,206,206,0
LOIS,0,8109,8109,0
LOLA,0,16774,16774,0
LOLA-MAE,0,247,247,0
LOLA-ROSE,0,484,484,0
LORELEI,0,288,288,0
LORENA,0,378,378,0
LORETTA,0,253,253,0
LORI,0,340,340,0
LORNA,0,1932,1932,0
LORRAINE,0,280,280,0
LOTTIE,0,5151,5151,0
LOUISA,0,4042,4042,0
LOUISE,0,10747,10747,0
LOWENNA,0,245,245,0
LOWRI,0,1809,1809,0
LUANA,0,294,294,0
LUCI,0,355,355,0
LUCIA,0,4175,4175,0
LUCIANA,0,361,361,0
LUCIE,0,5033,5033,0
LUCILLE,0,305,305,0
LUCINDA,0,1222,1222,0
LUCY,0,63788,63788,0
LUELLA,0,291,291,0
LUISA,0,707,707,0
LULA,0,304,304,0
LULU,0,532,532,0
LUNA,0,1738,1738,0
LYDIA,0,14923,14923,0
LYLA,0,3686,3686,0
LYLAH,0,260,260,0
LYRA,0,1583,1583,0
MAARIA,0,295,295,0
MAARIYA,0,478,478,0
MAARIYAH,0,708,708,0
MABEL,0,1679,1679,0
MACI,0,624,624,0
MACIE,0,3020,3020,0
MADDIE,0,2465,2465,0
MADDY,0,386,386,0
MADEEHA,0,373,373,0
MADELAINE,0,1057,1057,0
MADELEINE,0,11102,11102,0
MADELINE,0,5240,5240,0
MADELYN,0,443,443,0
MADIHA,0,631,631,0
MADIHAH,0,317,317,0
MADINA,0,340,340,0
MAE,0,1829,1829,0
MAEVE,0,843,843,0
MAGDALENA,0,501,501,0
MAGGIE,0,2586,2586,0
MAHA,0,565,565,0
MAHAM,0,284,284,0
MAHDIYA,0,231,231,0
MAHEK,0,341,341,0
MAHIMA,0,472,472,0
MAHIRA,0,260,260,0
MAHNOOR,0,895,895,0
MAI,0,433,433,0
MAIA,0,3930,3930,0
MAIR,0,205,205,0
MAIRA,0,640,640,0
MAIREAD,0,290,290,0
MAISEY,0,1382,1382,0
MAISHA,0,764,764,0
MAISIE,0,22732,22732,0
MAISY,0,5498,5498,0
MAIYA,0,681,681,0
MAIZIE,0,1155,1155,0
MAIZY,0,229,229,0
MAJA,0,3498,3498,0
MAKAYLA,0,539,539,0
MALAIKA,0,1783,1783,0
MALAIKAH,0,212,212,0
MALAK,0,585,585,0
MALEEHA,0,497,497,0
MALIHA,0,778,778,0
MALIKA,0,742,742,0
MALIKAH,0,282,282,0
MALKA,0,303,303,0
MANAHIL,0,319,319,0
MANAL,0,352,352,0
MANHA,0,554,554,0
MANISHA,0,457,457,0
MANON,0,528,528,0
MARA,0,405,405,0
MARCELLA,0,213,213,0
MARCIA,0,308,308,0
MARCIE,0,438,438,0
MARED,0,250,250,0
MARGARET,0,1533,1533,0
MARGOT,0,739,739,0
MARI,0,622,622,0
MARIA,0,10861,10861,0
MARIAH,0,1014,1014,0
MARIAM,0,4650,4650,0
MARIAMA,0,329,329,0
MARIANA,0,549,549,0
MARIANNA,0,418,418,0
MARIANNE,0,724,724,0
MARIE,0,1478,1478,0
MARIELLA,0,560,560,0
MARIKA,0,296,296,0
MARINA,0,991,991,0
MARISA,0,507,507,0
MARISSA,0,915,915,0
MARIYA,0,882,882,0
MARIYAH,0,751,751,0
MARIYAM,0,364,364,0
MARLA,0,214,214,0
MARNIE,0,1891,1891,0
MARTA,0,599,599,0
MARTHA,0,10392,10392,0
MARTINA,0,667,667,0
MARTYNA,0,655,655,0
MARWA,0,1103,1103,0
MARWAH,0,304,304,0
MARY,0,5779,5779,0
MARYAM,0,8902,8902,0
MARYAMA,0,254,254,0
MARY-JANE,0,214,214,0
MARYUM,0,215,215,0
MASUMA,0,287,287,0
MATHILDA,0,848,848,0
MATHILDE,0,426,426,0
MATILDA,0,16500,16500,0
MATILDE,0,245,245,0
MATYLDA,0,324,324,0
MAXINE,0,372,372,0
MAY,0,1574,1574,0
MAYA,0,14162,14162,0
MAYAH,0,222,222,0
MAYSA,0,207,207,0
MAZIE,0,372,372,0
MEA,0,255,255,0
MEADOW,0,622,622,0
MEDINA,0,258,258,0
MEERA,0,481,481,0
MEG,0,652,652,0
MEGAN,0,68379,68379,0
MEGHAN,0,1761,1761,0
MEHAK,0,332,332,0
MEHEK,0,248,248,0
MEHREEN,0,523,523,0
MEI,0,224,224,0
MELANIE,0,1980,1980,0
MELEK,0,209,209,0
MELINA,0,388,388,0
MELIS,0,217,217,0
MELISA,0,801,801,0
MELISSA,0,11410,11410,0
MELODIE,0,229,229,0
MELODY,0,2146,2146,0
MENNA,0,392,392,0
MERCEDES,0,1150,1150,0
MERCY,0,433,433,0
MERYEM,0,270,270,0
MIA,0,47365,47365,0
MIAH,0,793,793,0
MIA-ROSE,0,615,615,0
MICA,0,476,476,0
MICHAELA,0,3207,3207,0
MICHALINA,0,269,269,0
MICHELLE,0,3744,3744,0
MIKAELA,0,380,380,0
MIKAYLA,0,669,669,0
MILA,0,2625,2625,0
MILANA,0,501,501,0
MILENA,0,837,837,0
MILLA,0,506,506,0
MILLI,0,405,405,0
MILLICENT,0,1913,1913,0
MILLIE,0,32066,32066,0
MILLIE-MAE,0,361,361,0
MILLIE-MAY,0,203,203,0
MILLIE-ROSE,0,420,420,0
MILLY,0,4527,4527,0
MIMI,0,587,587,0
MINAHIL,0,337,337,0
MINNIE,0,1045,1045,0
MIRA,0,407,407,0
MIRANDA,0,1132,1132,0
MIRIAM,0,2526,2526,0
MISSY,0,305,305,0
MISTY,0,233,233,0
MIYA,0,1153,1153,0
MIYAH,0,239,239,0
MOLLIE,0,12538,12538,0
MOLLY,0,40700,40700,0
MOLLY-MAY,0,218,218,0
MOMINA,0,385,385,0
MONA,0,291,291,0
MONET,0,229,229,0
MONICA,0,1338,1338,0
MONIKA,0,422,422,0
MONIQUE,0,1074,1074,0
MUNA,0,531,531,0
MUNIRA,0,329,329,0
MUSKAAN,0,550,550,0
MUSKAN,0,276,276,0
MYA,0,7112,7112,0
MYAH,0,961,961,0
MYLA,0,1441,1441,0
MYLEE,0,331,331,0
MYRA,0,390,390,0
MYSHA,0,278,278,0
NABIHA,0,395,395,0
NABILA,0,328,328,0
NADA,0,447,447,0
NADIA,0,4691,4691,0
NADINE,0,1424,1424,0
NADIRA,0,215,215,0
NAFEESA,0,385,385,0
NAFISA,0,617,617,0
NAFISAH,0,229,229,0
NAHLA,0,206,206,0
NAILA,0,356,356,0
NAILAH,0,289,289,0
NAIMA,0,834,834,0
NAIMAH,0,296,296,0
NAINA,0,238,238,0
NAJMA,0,529,529,0
NANCY,0,5700,5700,0
NAOMI,0,9562,9562,0
NASRA,0,202,202,0
NATALIA,0,4874,4874,0
NATALIE,0,9883,9883,0
NATALYA,0,624,624,0
NATASHA,0,15092,15092,0
NATHALIE,0,338,338,0
NAWAL,0,434,434,0
NAYA,0,218,218,0
NAZIA,0,325,325,0
NAZIFA,0,315,315,0
NEAVE,0,1090,1090,0
NEELAM,0,292,292,0
NEEVE,0,291,291,0
NEHA,0,1089,1089,0
NEIVE,0,432,432,0
NEL,0,347,347,0
NELA,0,248,248,0
NELL,0,1769,1769,0
NELLIE,0,564,564,0
NEVE,0,5654,5654,0
NIA,0,3244,3244,0
NIAMH,0,16961,16961,0
NICHOLA,0,207,207,0
NICOL,0,274,274,0
NICOLE,0,17898,17898,0
NIDA,0,317,317,0
NIEVE,0,982,982,0
NIKKITA,0,277,277,0
NIMRA,0,551,551,0
NIMRAH,0,389,389,0
NINA,0,4213,4213,0
NISA,0,244,244,0
NISHA,0,627,627,0
NISHAT,0,255,255,0
NIYA,0,204,204,0
NOEMI,0,227,227,0
NOLA,0,311,311,0
NORA,0,891,891,0
NORAH,0,476,476,0
NUALA,0,441,441,0
NUHA,0,370,370,0
NUSAYBAH,0,474,474,0
NUSRAT,0,269,269,0
NYA,0,267,267,0
NYLA,0,840,840,0
NYLAH,0,431,431,0
OCTAVIA,0,428,428,0
OLIVE,0,1700,1700,0
OLIVIA-GRACE,0,259,259,0
OLIVIA-MAE,0,233,233,0
OLIVIA-ROSE,0,443,443,0
OLIWIA,0,1671,1671,0
OPHELIA,0,1324,1324,0
ORIANA,0,338,338,0
ORLA,0,4515,4515,0
ORLAGH,0,304,304,0
ORLAITH,0,703,703,0
OTTILIE,0,611,611,0
PAIGE,0,22348,22348,0
PALOMA,0,307,307,0
PAMELA,0,278,278,0
PANDORA,0,202,202,0
PARISA,0,209,209,0
PATIENCE,0,304,304,0
PATRICIA,0,900,900,0
PATRYCJA,0,462,462,0
PATSY,0,235,235,0
PAULA,0,658,658,0
PAULINA,0,492,492,0
PEARL,0,1660,1660,0
PEGGY,0,442,442,0
PENELOPE,0,3183,3183,0
PENNY,0,1869,1869,0
PERSEPHONE,0,293,293,0
PETRA,0,386,386,0
PHEBE,0,287,287,0
PHEOBE,0,614,614,0
PHILIPPA,0,3293,3293,0
PHILLIPA,0,368,368,0
PHILLIPPA,0,280,280,0
PHOEBE,0,32184,32184,0
PIA,0,477,477,0
PIPPA,0,2638,2638,0
PIXIE,0,675,675,0
POLA,0,454,454,0
POLLY,0,3271,3271,0
POLLYANNA,0,454,454,0
POOJA,0,240,240,0
POPPI,0,236,236,0
POPPIE,0,987,987,0
POPPY,0,34351,34351,0
POPPY-MAE,0,220,220,0
POPPY-ROSE,0,217,217,0
PORSHA,0,252,252,0
PORTIA,0,435,435,0
PRIMROSE,0,600,600,0
PRINCESS,0,1168,1168,0
PRISCILLA,0,505,505,0
PRISHA,0,341,341,0
PRIYA,0,2409,2409,0
PRIYANKA,0,446,446,0
PRUDENCE,0,201,201,0
RABIA,0,657,657,0
RACHAEL,0,4565,4565,0
RACHEAL,0,240,240,0
RACHEL,0,17813,17813,0
RADHIKA,0,263,263,0
RAEESAH,0,248,248,0
RAHIMA,0,413,413,0
RAHMA,0,612,612,0
RAISA,0,223,223,0
RAMONA,0,228,228,0
RANIA,0,647,647,0
RAYA,0,638,638,0
REA,0,246,246,0
REANNA,0,531,531,0
REANNE,0,380,380,0
REBECA,0,370,370,0
REBECCA,0,43685,43685,0
REBEKA,0,305,305,0
REBEKAH,0,4169,4169,0
REBEKKA,0,269,269,0
REEM,0,512,512,0
REEMA,0,269,269,0
REEVA,0,219,219,0
RENAE,0,583,583,0
RENEE,0,2039,2039,0
REYA,0,211,211,0
RHEA,0,2010,2010,0
RHEANNA,0,242,242,0
RHIA,0,532,532,0
RHIANA,0,261,261,0
RHIANN,0,300,300,0
RHIANNA,0,4118,4118,0
RHIANNE,0,791,791,0
RHIANNON,0,5972,5972,0
RIA,0,3330,3330,0
RIANA,0,260,260,0
RIANNA,0,1089,1089,0
RIANNE,0,330,330,0
RIHANA,0,225,225,0
RIHANNA,0,1451,1451,0
RIMSHA,0,298,298,0
RITA,0,504,504,0
RIVKA,0,361,361,0
RIYA,0,1487,1487,0
ROBERTA,0,587,587,0
ROCHELLE,0,909,909,0
ROISIN,0,1768,1768,0
ROKSANA,0,273,273,0
ROMANA,0,263,263,0
ROMANY,0,360,360,0
ROMILLY,0,621,621,0
ROSA,0,3017,3017,0
ROSALIE,0,829,829,0
ROSALIND,0,670,670,0
ROSALYN,0,235,235,0
ROSANNA,0,1227,1227,0
ROSE,0,10257,10257,0
ROSEANNA,0,604,604,0
ROSEANNE,0,242,242,0
ROSEMARIE,0,248,248,0
ROSEMARY,0,1557,1557,0
ROSHNI,0,411,411,0
ROSIE,0,20254,20254,0
ROSIE-MAY,0,219,219,0
ROSINA,0,414,414,0
ROSY,0,237,237,0
ROWENA,0,328,328,0
ROXANA,0,302,302,0
ROXANNA,0,272,272,0
ROXANNE,0,1923,1923,0
ROXIE,0,340,340,0
ROXY,0,1058,1058,0
RUBI,0,447,447,0
RUBIE,0,1028,1028,0
RUBY-LEIGH,0,355,355,0
RUBY-MAE,0,601,601,0
RUBY-MAY,0,467,467,0
RUBY-ROSE,0,318,318,0
RUMAISA,0,321,321,0
RUMAYSA,0,507,507,0
RUQAYYA,0,290,290,0
RUQAYYAH,0,915,915,0
RUTH,0,3388,3388,0
SAANVI,0,320,320,0
SAARA,0,479,479,0
SAARAH,0,876,876,0
SABAH,0,1010,1010,0
SABIHA,0,367,367,0
SABINA,0,516,516,0
SABRINA,0,2425,2425,0
SADAF,0,270,270,0
SADE,0,535,535,0
SADIA,0,1251,1251,0
SADIE,0,5317,5317,0
SADIYA,0,248,248,0
SADIYAH,0,316,316,0
SAFAA,0,1024,1024,0
SAFAH,0,523,523,0
SAFFA,0,257,257,0
SAFFRON,0,3715,3715,0
SAFIA,0,1183,1183,0
SAFIYA,0,1226,1226,0
SAFIYAH,0,580,580,0
SAFIYYA,0,216,216,0
SAFIYYAH,0,967,967,0
SAHAR,0,632,632,0
SAHARA,0,461,461,0
SAHRA,0,360,360,0
SAIMA,0,848,848,0
SAIRA,0,1096,1096,0
SAKINA,0,421,421,0
SALEHA,0,212,212,0
SALIHA,0,241,241,0
SALINA,0,216,216,0
SALLY,0,2068,2068,0
SALMA,0,2119,2119,0
SALWA,0,232,232,0
SAMA,0,298,298,0
SAMAH,0,316,316,0
SAMANTA,0,296,296,0
SAMANTHA,0,12044,12044,0
SAMARA,0,786,786,0
SAMEEHA,0,308,308,0
SAMEERA,0,340,340,0
SAMIA,0,746,746,0
SAMIHA,0,527,527,0
SAMINA,0,356,356,0
SAMIRA,0,1209,1209,0
SAMIRAH,0,318,318,0
SAMIYA,0,527,527,0
SAMIYAH,0,320,320,0
SANAA,0,736,736,0
SANAH,0,553,553,0
SANDRA,0,845,845,0
SANIA,0,493,493,0
SANIYA,0,425,425,0
SANJANA,0,292,292,0
SANNA,0,345,345,0
SANYA,0,295,295,0
SAOIRSE,0,904,904,0
SAPPHIRE,0,1792,1792,0
SARA,0,9377,9377,0
SARAH,0,23895,23895,0
SARAH-JANE,0,332,332,0
SARAH-LOUISE,0,238,238,0
SARINA,0,503,503,0
SASKIA,0,3370,3370,0
SAVANAH,0,212,212,0
SAVANNA,0,883,883,0
SAVANNAH,0,5398,5398,0
SCARLET,0,4049,4049,0
SCARLETT,0,24123,24123,0
SCARLETTE,0,293,293,0
SCARLETT-ROSE,0,412,412,0
SEHAR,0,275,275,0
SEHER,0,259,259,0
SEHRISH,0,236,236,0
SELENA,0,577,577,0
SELIN,0,438,438,0
SELINA,0,1422,1422,0
SELMA,0,271,271,0
SERAPHINA,0,249,249,0
SERENA,0,2669,2669,0
SERENITY,0,425,425,0
SHAKIRA,0,1375,1375,0
SHANA,0,411,411,0
SHANAE,0,389,389,0
SHANAI,0,232,232,0
SHANAYA,0,449,449,0
SHANELLE,0,358,358,0
SHANI,0,384,384,0
SHANIA,0,2694,2694,0
SHANICE,0,1574,1574,0
SHANIYA,0,269,269,0
SHANNAN,0,305,305,0
SHANNEN,0,213,213,0
SHANTELLE,0,275,275,0
SHARMIN,0,216,216,0
SHARNA,0,920,920,0
SHARON,0,853,853,0
SHAUNA,0,3020,3020,0
SHAUNNA,0,231,231,0
SHAYLA,0,820,820,0
SHAYNA,0,370,370,0
SHAZIA,0,214,214,0
SHEENA,0,206,206,0
SHELBIE,0,221,221,0
SHELLEY,0,383,383,0
SHIANNE,0,213,213,0
SHIFA,0,295,295,0
SHIVANI,0,848,848,0
SHONA,0,1479,1479,0
SHREYA,0,890,890,0
SHRIYA,0,392,392,0
SHYANNE,0,233,233,0
SHYLA,0,390,390,0
SIA,0,345,345,0
SIANA,0,305,305,0
SIANNA,0,353,353,0
SIDRA,0,566,566,0
SIDRAH,0,299,299,0
SIENA,0,970,970,0
SIENNA,0,16536,16536,0
SIENNA-ROSE,0,363,363,0
SIHAM,0,242,242,0
SILVIA,0,212,212,0
SIMONA,0,347,347,0
SIMRA,0,445,445,0
SIMRAH,0,342,342,0
SINEAD,0,2810,2810,0
SIOBHAN,0,2022,2022,0
SIONED,0,339,339,0
SIYA,0,286,286,0
SKYLA,0,2043,2043,0
SNEHA,0,281,281,0
SOFIA,0,14363,14363,0
SOFIE,0,579,579,0
SOFIJA,0,226,226,0
SOHA,0,253,253,0
SOMMER,0,327,327,0
SONIA,0,1421,1421,0
SONYA,0,228,228,0
SOPHIA,0,28077,28077,0
SOPHIE,0,89581,89581,0
SOPHIE-LOUISE,0,215,215,0
SORAYA,0,763,763,0
SORCHA,0,452,452,0
STACIE,0,356,356,0
STARR,0,272,272,0
STEFANIA,0,218,218,0
STEFANIE,0,202,202,0
STELLA,0,2136,2136,0
STEPHANIE,0,8594,8594,0
SUHANA,0,236,236,0
SUKHMANI,0,323,323,0
SUKI,0,243,243,0
SUMAIYA,0,784,784,0
SUMAIYAH,0,543,543,0
SUMAYA,0,1339,1339,0
SUMAYAH,0,338,338,0
SUMAYYA,0,406,406,0
SUMAYYAH,0,1457,1457,0
SUMMER,0,18854,18854,0
SUMMER-LOUISE,0,237,237,0
SUMMER-ROSE,0,483,483,0
SURAIYA,0,254,254,0
SURAYA,0,300,300,0
SURI,0,204,204,0
SUSAN,0,741,741,0
SUSANNA,0,561,561,0
SUSANNAH,0,923,923,0
SUSIE,0,227,227,0
SUZANNA,0,450,450,0
SUZANNAH,0,313,313,0
SUZANNE,0,517,517,0
SUZIE,0,251,251,0
SYDNIE,0,211,211,0
SYEDA,0,3155,3155,0
SYLVIA,0,630,630,0
SYLVIE,0,1018,1018,0
TABATHA,0,348,348,0
TABITHA,0,4631,4631,0
TAHIRA,0,360,360,0
TAHLIA,0,870,870,0
TAHMINA,0,350,350,0
TAIBA,0,340,340,0
TALA,0,243,243,0
TALIA,0,3164,3164,0
TALIAH,0,315,315,0
TALISHA,0,231,231,0
TALITHA,0,445,445,0
TALIYAH,0,380,380,0
TALLULAH,0,2824,2824,0
TALYA,0,271,271,0
TAMANNA,0,377,377,0
TAMARA,0,2939,2939,0
TAMERA,0,253,253,0
TAMIA,0,383,383,0
TAMIKA,0,344,344,0
TAMMY,0,710,710,0
TAMSIN,0,1605,1605,0
TAMSYN,0,230,230,0
TAMZIN,0,1972,1972,0
TANIA,0,748,748,0
TANISHA,0,1924,1924,0
TANVI,0,265,265,0
TANYA,0,1796,1796,0
TARA,0,4490,4490,0
TASHA,0,325,325,0
TASLIMA,0,257,257,0
TASMIN,0,427,427,0
TASNEEM,0,635,635,0
TASNIA,0,338,338,0
TASNIM,0,925,925,0
TATIANA,0,730,730,0
TAYA,0,1257,1257,0
TAYAH,0,427,427,0
TAYBAH,0,320,320,0
TAYLAH,0,244,244,0
TAYYIBAH,0,408,408,0
TAZMIN,0,403,403,0
TEHYA,0,285,285,0
TERESA,0,554,554,0
TERI,0,376,376,0
TERRI,0,658,658,0
TESS,0,1251,1251,0
TESSA,0,1210,1210,0
THALIA,0,976,976,0
THEA,0,4798,4798,0
THEIA,0,228,228,0
THEODORA,0,508,508,0
THERESA,0,502,502,0
TIA,0,14554,14554,0
TIAH,0,337,337,0
TIA-LOUISE,0,223,223,0
TIANA,0,2678,2678,0
TIANNA,0,2045,2045,0
TIARA,0,227,227,0
TIARNA,0,414,414,0
TIFFANY,0,4063,4063,0
TILDA,0,202,202,0
TILLIE,0,1263,1263,0
TILLY,0,8485,8485,0
TILLY-MAE,0,223,223,0
TINA,0,630,630,0
TIYA,0,250,250,0
TORI,0,1178,1178,0
TRACEY,0,213,213,0
TRACY,0,268,268,0
TRISHA,0,336,336,0
TULISA,0,309,309,0
TYRA,0,890,890,0
UMA,0,396,396,0
UMAIMAH,0,216,216,0
UMAIZA,0,227,227,0
UMAYMAH,0,353,353,0
UMME,0,285,285,0
UNA,0,358,358,0
URSULA,0,379,379,0
UZMA,0,337,337,0
VALENTINA,0,1255,1255,0
VALERIE,0,404,404,0
VANESA,0,348,348,0
VANESSA,0,2912,2912,0
VERA,0,251,251,0
VERITY,0,2329,2329,0
VERONICA,0,944,944,0
VERONIKA,0,320,320,0
VICKY,0,340,340,0
VICTORIA,0,15535,15535,0
VIENNA,0,507,507,0
VIKTORIA,0,415,415,0
VIOLA,0,245,245,0
VIOLET,0,5644,5644,0
VIRGINIA,0,226,226,0
VIVIEN,0,334,334,0
VIVIENNE,0,736,736,0
WENDY,0,381,381,0
WERONIKA,0,607,607,0
WHITNEY,0,783,783,0
WIKTORIA,0,1173,1173,0
WINIFRED,0,390,390,0
WINNIE,0,424,424,0
XANTHE,0,810,810,0
XENA,0,253,253,0
YAGMUR,0,210,210,0
YANA,0,224,224,0
YARA,0,639,639,0
YASEMIN,0,454,454,0
YASMEEN,0,348,348,0
YASMIN,0,8682,8682,0
YASMINA,0,294,294,0
YASMINE,0,1951,1951,0
YAZMIN,0,692,692,0
YOLANDA,0,245,245,0
YUMNA,0,318,318,0
YUSRA,0,1344,1344,0
YVETTE,0,230,230,0
YVIE,0,342,342,0
YVONNE,0,290,290,0
ZAARA,0,624,624,0
ZAHARA,0,266,266,0
ZAHRA,0,5457,5457,0
ZAHRAA,0,747,747,0
ZAHRAH,0,509,509,0
ZAINA,0,1018,1018,0
ZAINAB,0,6236,6236,0
ZAKIA,0,219,219,0
ZARA,0,12622,12622,0
ZARAH,0,831,831,0
ZAYNA,0,524,524,0
ZAYNAB,0,2362,2362,0
ZAYNAH,0,1068,1068,0
ZEENAT,0,320,320,0
ZEHRA,0,265,265,0
ZEINAB,0,204,204,0
ZENA,0,368,368,0
ZENAB,0,216,216,0
ZEYNEP,0,463,463,0
ZIVA,0,229,229,0
ZOE,0,19279,19279,0
ZOEY,0,560,560,0
ZOFIA,0,1432,1432,0
ZOHA,0,575,575,0
ZOHRA,0,226,226,0
ZOYA,0,2210,2210,0
ZUNAIRA,0,301,301,0
ZUNAIRAH,0,447,447,0
ZUZANNA,0,2652,2652,0